City_ID,City,Country,Date,Lat,Lng,Max Temp,Humidity,Cloudiness,Wind Speed
0,Rikitea,PF,2022-04-09 00:34:04,-23.1203,-134.9692,79.14,74,11,17.05
1,Busselton,AU,2022-04-09 00:34:05,-33.65,115.3333,61.02,59,23,10.47
2,Nador,MA,2022-04-09 00:29:15,35.174,-2.9287,66.45,37,0,19.57
3,Papara,BR,2022-04-09 00:34:05,-3.9839,-38.7273,75.69,96,90,2.35
4,Vaini,TO,2022-04-09 00:34:06,-21.2,-175.2,87.96,70,40,4.61
5,Surdulica,RS,2022-04-09 00:34:06,42.6906,22.1708,50.27,83,28,3.6
6,Pasni,PK,2022-04-09 00:34:06,25.2631,63.471,78.35,82,100,10.65
7,Iqaluit,CA,2022-04-09 00:30:12,63.7506,-68.5145,17.33,79,100,4.61
8,Pacific Grove,US,2022-04-09 00:33:07,36.6177,-121.9166,69.75,69,0,11.5
9,Wai,IN,2022-04-09 00:34:07,17.9333,73.9,74.44,51,6,4.0
10,Esperance,AU,2022-04-09 00:34:07,-33.8667,121.9,60.64,61,100,18.54
11,La Ronge,CA,2022-04-09 00:34:08,55.1001,-105.2842,43.02,52,100,17.27
12,Chapais,CA,2022-04-09 00:34:08,49.7834,-74.8492,33.58,99,100,7.4
13,Ushuaia,AR,2022-04-09 00:32:56,-54.8,-68.3,38.86,81,0,5.75
14,Avarua,CK,2022-04-09 00:34:08,-21.2078,-159.775,86.05,74,40,13.8
15,Aswan,EG,2022-04-09 00:34:09,24.0934,32.907,87.1,12,0,10.36
16,Khatanga,RU,2022-04-09 00:34:09,71.9667,102.5,4.69,95,77,3.47
17,Victoria,HK,2022-04-09 00:29:32,22.2855,114.1577,75.25,69,0,15.99
18,Khartoum,SD,2022-04-09 00:34:10,15.5518,32.5324,91.02,18,0,8.01
19,Hobart,AU,2022-04-09 00:30:09,-42.8794,147.3294,67.23,63,75,12.66
20,Olafsvik,IS,2022-04-09 00:34:10,64.8945,-23.7142,33.31,64,100,14.47
21,Bambous Virieux,MU,2022-04-09 00:34:10,-20.3428,57.7575,76.21,94,75,13.8
22,Dikson,RU,2022-04-09 00:34:11,73.5069,80.5464,6.01,95,98,8.7
23,Bredasdorp,ZA,2022-04-09 00:34:11,-34.5322,20.0403,58.32,77,23,15.17
24,Ouesso,CG,2022-04-09 00:34:12,1.6136,16.0517,69.01,93,100,0.76
25,Port Alfred,ZA,2022-04-09 00:34:12,-33.5906,26.891,56.17,94,88,9.71
26,Geraldton,AU,2022-04-09 00:31:18,-28.7667,114.6,66.61,77,100,12.66
27,Palmer,US,2022-04-09 00:34:03,42.1584,-72.3287,53.15,78,13,0.83
28,Stege,DK,2022-04-09 00:34:13,54.987,12.2846,38.05,72,12,25.01
29,Kismayo,SO,2022-04-09 00:34:14,-0.3582,42.5454,79.97,77,24,11.79
30,Avera,US,2022-04-09 00:34:14,33.194,-82.5271,60.31,54,74,12.75
31,Atuona,PF,2022-04-09 00:34:15,-9.8,-139.0333,79.74,77,99,17.43
32,Bluff,NZ,2022-04-09 00:34:15,-46.6,168.3333,57.49,72,87,18.57
33,Faanui,PF,2022-04-09 00:34:15,-16.4833,-151.75,82.67,72,100,16.91
34,Naze,JP,2022-04-09 00:29:48,28.3667,129.4833,67.12,67,0,9.71
35,Tuatapere,NZ,2022-04-09 00:34:16,-46.1333,167.6833,59.83,56,22,4.68
36,Suntar,RU,2022-04-09 00:34:16,62.1444,117.6319,23.85,85,58,4.59
37,Una,IN,2022-04-09 00:34:17,20.8167,71.0333,84.15,27,0,8.57
38,Progreso,MX,2022-04-09 00:34:17,21.2833,-89.6667,77.11,51,17,18.12
39,Nhulunbuy,AU,2022-04-09 00:34:17,-12.2333,136.7667,88.41,62,7,8.05
40,Mount Gambier,AU,2022-04-09 00:31:33,-37.8333,140.7667,67.91,68,40,14.97
41,Komsomolskiy,UZ,2022-04-09 00:34:18,40.4272,71.7189,65.12,48,100,4.61
42,Cooma,AU,2022-04-09 00:34:18,-36.2333,149.1333,60.57,88,100,13.8
43,Qaanaaq,GL,2022-04-09 00:34:19,77.484,-69.3632,-5.28,65,0,7.0
44,Sisimiut,GL,2022-04-09 00:34:19,66.9395,-53.6735,10.06,97,67,6.4
45,Ust-Kut,RU,2022-04-09 00:32:12,56.7938,105.7672,31.6,83,100,2.62
46,Makakilo City,US,2022-04-09 00:33:46,21.3469,-158.0858,79.12,62,100,18.41
47,Butaritari,KI,2022-04-09 00:35:20,3.0707,172.7902,80.22,82,100,13.47
48,Saldanha,ZA,2022-04-09 00:35:20,-33.0117,17.9442,62.65,63,0,16.69
49,Turukhansk,RU,2022-04-09 00:35:21,65.8167,87.9833,11.14,94,97,6.02
50,Castro,BR,2022-04-09 00:35:21,-24.7911,-50.0119,64.22,94,100,2.64
51,Palatka,US,2022-04-09 00:35:22,29.6486,-81.6376,64.98,48,0,9.48
52,Nanortalik,GL,2022-04-09 00:35:22,60.1432,-45.2371,27.32,88,39,8.43
53,Yellowknife,CA,2022-04-09 00:30:45,62.456,-114.3525,38.41,90,100,10.36
54,La Rioja,ES,2022-04-09 00:35:22,42.25,-2.5,42.58,98,100,3.67
55,Port Hardy,CA,2022-04-09 00:30:46,50.6996,-127.4199,46.58,66,75,10.36
56,Fortuna,US,2022-04-09 00:32:57,40.5982,-124.1573,56.66,65,0,25.32
57,Mataura,NZ,2022-04-09 00:35:23,-46.1927,168.8643,60.26,56,54,6.38
58,Veliki Crljeni,RS,2022-04-09 00:35:24,44.4675,20.2844,60.84,59,43,7.23
59,College,US,2022-04-09 00:35:24,64.8569,-147.8028,16.23,45,75,14.97
60,San Buenaventura,MX,2022-04-09 00:35:24,27.0833,-101.5333,85.12,18,20,11.5
61,Mahebourg,MU,2022-04-09 00:35:25,-20.4081,57.7,76.24,94,75,13.8
62,Cherskiy,RU,2022-04-09 00:35:25,68.75,161.3,-6.57,84,32,5.35
63,Torzhok,RU,2022-04-09 00:35:25,57.0436,34.9622,37.44,95,100,6.78
64,Chokurdakh,RU,2022-04-09 00:35:26,70.6333,147.9167,-11.7,91,12,9.37
65,Baie-Comeau,CA,2022-04-09 00:35:26,49.2168,-68.1489,33.48,100,100,21.85
66,Havelock,US,2022-04-09 00:35:26,34.8791,-76.9013,64.94,62,40,10.36
67,Orlovskiy,RU,2022-04-09 00:35:27,46.8714,42.0592,48.6,88,100,16.08
68,Lavrentiya,RU,2022-04-09 00:35:27,65.5833,-171.0,2.61,83,100,2.8
69,Sterling,US,2022-04-09 00:32:29,39.0062,-77.4286,56.23,72,75,23.02
70,Taunggyi,MM,2022-04-09 00:35:28,20.7833,97.0333,67.95,65,2,3.11
71,San Joaquin,US,2022-04-09 00:35:28,37.9333,-121.3011,91.65,20,0,11.5
72,Puerto Ayora,EC,2022-04-09 00:35:28,-0.7393,-90.3518,77.81,86,41,5.84
73,New Norfolk,AU,2022-04-09 00:35:29,-42.7826,147.0587,66.88,55,7,1.99
74,Barrow,US,2022-04-09 00:35:29,71.2906,-156.7887,5.02,72,100,16.11
75,Ulaanbaatar,MN,2022-04-09 00:35:29,47.9077,106.8832,48.33,27,0,4.47
76,Natal,BR,2022-04-09 00:35:30,-5.795,-35.2094,80.82,83,20,5.75
77,Hilo,US,2022-04-09 00:35:30,19.7297,-155.09,75.25,83,100,4.61
78,Puerto Narino,CO,2022-04-09 00:35:31,-3.7703,-70.3831,74.97,96,91,1.66
79,Punta Arenas,CL,2022-04-09 00:35:31,-53.15,-70.9167,41.11,87,0,8.05
80,Albany,US,2022-04-09 00:35:31,42.6001,-73.9662,48.92,74,56,3.27
81,Bud,US,2022-04-09 00:35:31,39.447,-86.1758,41.02,83,84,11.63
82,Arraial Do Cabo,BR,2022-04-09 00:35:32,-22.9661,-42.0278,76.48,83,100,17.11
83,Laguna,US,2022-04-09 00:30:34,38.421,-121.4238,90.68,25,0,5.75
84,Anadyr,RU,2022-04-09 00:35:32,64.75,177.4833,10.9,72,0,4.47
85,Aklavik,CA,2022-04-09 00:35:33,68.2191,-135.0107,12.7,91,100,20.87
86,Jacmel,HT,2022-04-09 00:35:33,18.2342,-72.5347,84.04,81,95,5.66
87,Wanaka,NZ,2022-04-09 00:35:33,-44.7,169.15,57.11,58,2,1.99
88,Marzuq,YE,2022-04-09 00:35:34,14.4,46.4667,65.75,27,0,5.21
89,Hami,CN,2022-04-09 00:35:34,42.8,93.45,64.0,29,100,16.84
90,Medowie,AU,2022-04-09 00:35:34,-32.7333,151.8667,72.99,93,100,4.61
91,Gagra,GE,2022-04-09 00:36:35,43.3283,40.2239,49.12,90,100,3.36
92,Upernavik,GL,2022-04-09 00:36:35,72.7868,-56.1549,7.75,96,100,4.81
93,Caravelas,BR,2022-04-09 00:36:36,-17.7125,-39.2481,76.46,83,5,4.72
94,Westport,US,2022-04-09 00:36:36,41.1415,-73.3579,55.02,59,0,14.97
95,Iranshahr,IR,2022-04-09 00:36:36,27.2025,60.6848,73.89,22,0,2.59
96,Cuenca,EC,2022-04-09 00:32:21,-2.8833,-78.9833,60.93,88,75,10.36
97,Mar Del Plata,AR,2022-04-09 00:36:37,-38.0023,-57.5575,65.08,91,0,4.0
98,Leningradskiy,RU,2022-04-09 00:36:37,69.3833,178.4167,-4.22,75,97,3.11
99,Baldeogarh,IN,2022-04-09 00:36:38,24.755,79.0681,82.33,12,0,9.08
100,Saint Anthony,US,2022-04-09 00:36:38,45.0205,-93.218,44.38,32,0,18.41
101,Georgetown,MY,2022-04-09 00:32:41,5.4112,100.3354,80.53,93,20,3.44
102,Shibetsu,JP,2022-04-09 00:36:38,43.659,145.132,41.7,75,75,12.66
103,Santa Cruz,BO,2022-04-09 00:32:23,-17.8,-63.1667,78.26,89,75,3.44
104,Wad Rawah,SD,2022-04-09 00:36:39,15.1603,33.1397,88.99,16,5,10.74
105,Sao Joao Da Barra,BR,2022-04-09 00:36:39,-21.6403,-41.0511,76.3,82,8,9.51
106,Voznesenye,RU,2022-04-09 00:36:39,61.0106,35.4781,38.7,98,100,7.63
107,Sorong,ID,2022-04-09 00:36:40,-0.8833,131.25,81.48,79,100,9.13
108,Longyearbyen,SJ,2022-04-09 00:36:40,78.2186,15.6401,12.04,73,40,13.8
109,Gunzenhausen,DE,2022-04-09 00:36:40,49.1,10.75,35.06,91,100,14.99
110,Torbay,CA,2022-04-09 00:35:28,47.6666,-52.7314,31.57,88,100,8.99
111,Bend,US,2022-04-09 00:35:02,44.0582,-121.3153,46.87,44,8,8.99
112,Eravur,LK,2022-04-09 00:36:41,7.7733,81.6095,78.08,85,100,5.77
113,Coxim,BR,2022-04-09 00:36:41,-18.5067,-54.76,81.41,65,80,2.73
114,Ostrovnoy,RU,2022-04-09 00:36:42,68.0531,39.5131,32.05,97,100,21.85
115,Kulhudhuffushi,MV,2022-04-09 00:36:42,6.6221,73.07,82.54,73,100,4.92
116,Bathsheba,BB,2022-04-09 00:36:42,13.2167,-59.5167,77.61,88,75,16.11
117,Bhadrachalam,IN,2022-04-09 00:36:43,17.6667,80.8833,79.29,84,100,6.26
118,Kruisfontein,ZA,2022-04-09 00:36:43,-34.0033,24.7314,56.88,84,100,6.76
119,Hithadhoo,MV,2022-04-09 00:36:43,-0.6,73.0833,83.12,68,97,9.35
120,Vila Franca Do Campo,PT,2022-04-09 00:36:44,37.7167,-25.4333,63.01,89,84,30.71
121,Port Elizabeth,ZA,2022-04-09 00:36:44,-33.918,25.5701,59.09,96,75,3.44
122,Champerico,GT,2022-04-09 00:36:45,14.3,-91.9167,81.14,65,88,3.53
123,Wilmington,US,2022-04-09 00:36:45,34.2257,-77.9447,62.85,56,20,8.05
124,Lebu,CL,2022-04-09 00:36:45,-37.6167,-73.65,52.9,90,2,6.06
125,Pevek,RU,2022-04-09 00:36:46,69.7008,170.3133,-6.86,83,100,5.53
126,Cidreira,BR,2022-04-09 00:36:46,-30.1811,-50.2056,68.13,83,100,13.0
127,Bubaque,GW,2022-04-09 00:36:46,11.2833,-15.8333,76.59,78,5,12.97
128,Husavik,IS,2022-04-09 00:36:47,66.0449,-17.3389,20.64,84,37,5.26
129,Klaksvik,FO,2022-04-09 00:36:47,62.2266,-6.589,32.92,63,100,21.92
130,Tiksi,RU,2022-04-09 00:36:47,71.6872,128.8694,-3.77,100,100,5.03
131,Kaduqli,SD,2022-04-09 00:36:48,11.0167,29.7167,84.76,36,1,2.66
132,Sao Joao Do Paraiso,BR,2022-04-09 00:36:48,-15.3136,-42.0144,74.37,58,100,4.61
133,Kayes,ML,2022-04-09 00:36:48,14.0,-11.0,91.18,12,5,6.35
134,Cabedelo,BR,2022-04-09 00:36:49,-6.9811,-34.8339,79.47,78,66,10.18
135,Nikolskoye,RU,2022-04-09 00:36:49,59.7035,30.7861,35.8,94,66,6.53
136,East London,ZA,2022-04-09 00:36:50,-33.0153,27.9116,62.13,80,97,9.78
137,Sabang,ID,2022-04-09 00:37:50,5.8933,95.3214,82.22,72,100,4.45
138,Fitii,PF,2022-04-09 00:37:50,-16.7333,-151.0333,81.97,73,100,16.67
139,Kununurra,AU,2022-04-09 00:37:51,-15.7667,128.7333,85.98,45,99,3.44
140,Port Pirie,AU,2022-04-09 00:37:51,-33.1833,138.0167,77.09,41,0,6.33
141,Chernyshevskiy,RU,2022-04-09 00:37:51,63.0128,112.4714,18.75,95,100,6.91
142,Ponta Do Sol,PT,2022-04-09 00:37:52,32.6667,-17.1,60.71,73,36,0.72
143,Saint-Pierre,RE,2022-04-09 00:37:53,-21.3393,55.4781,76.68,80,100,10.36
144,Gamba,GA,2022-04-09 00:37:53,-2.65,10.0,77.56,90,100,3.44
145,Tasiilaq,GL,2022-04-09 00:37:53,65.6145,-37.6368,19.56,95,100,3.94
146,Siria,SY,2022-04-09 00:37:54,35.0,38.0,48.85,91,70,20.6
147,Tibu,CO,2022-04-09 00:37:54,8.639,-72.7358,76.53,90,67,2.28
148,Touros,BR,2022-04-09 00:33:56,-5.1989,-35.4608,80.06,81,99,11.99
149,Berlevag,NO,2022-04-09 00:37:54,70.8578,29.0864,33.6,86,100,33.29
150,Dickinson,US,2022-04-09 00:37:55,29.4608,-95.0513,73.56,26,0,10.36
151,Cape Town,ZA,2022-04-09 00:34:32,-33.9258,18.4232,59.92,70,0,11.01
152,Codrington,AU,2022-04-09 00:37:55,-38.2667,141.9667,69.8,60,97,11.16
153,Manta,EC,2022-04-09 00:37:55,-0.95,-80.7333,78.58,78,20,5.75
154,Coihaique,CL,2022-04-09 00:37:56,-45.5752,-72.0662,47.01,93,0,0.0
155,San Policarpo,PH,2022-04-09 00:37:56,12.1791,125.5072,76.33,89,100,10.65
156,Kavieng,PG,2022-04-09 00:37:56,-2.5744,150.7967,80.4,83,100,11.25
157,Elko,US,2022-04-09 00:37:29,41.0002,-115.5012,71.62,11,100,21.99
158,Clyde River,CA,2022-04-09 00:37:57,70.4692,-68.5914,-3.77,84,0,6.91
159,Tucurui,BR,2022-04-09 00:37:57,-3.7661,-49.6725,74.46,98,100,3.18
160,Dalbandin,PK,2022-04-09 00:37:58,28.8947,64.4101,76.66,11,0,5.99
161,Partizanskoye,RU,2022-04-09 00:37:58,55.5006,94.39,36.46,76,100,12.62
162,Pyapon,MM,2022-04-09 00:37:58,16.2833,95.6833,82.99,68,25,4.47
163,Bethel,US,2022-04-09 00:37:59,41.3712,-73.414,54.43,58,40,3.44
164,Yamethin,MM,2022-04-09 00:37:59,20.4333,96.15,80.74,56,0,6.71
165,Whitecourt,CA,2022-04-09 00:37:21,54.1502,-115.6855,54.64,28,20,16.11
166,Praia,CV,2022-04-09 00:37:59,14.9215,-23.5087,73.94,60,0,14.97
167,Severo-Kurilsk,RU,2022-04-09 00:38:00,50.6789,156.125,32.92,75,80,13.04
168,Pavlodar,KZ,2022-04-09 00:38:00,52.3,76.95,26.4,80,0,6.71
169,Iroquois Falls,CA,2022-04-09 00:38:01,48.7669,-80.6831,31.86,95,100,4.36
170,Kodiak,US,2022-04-09 00:38:01,57.79,-152.4072,33.31,44,0,21.85
171,Poum,NC,2022-04-09 00:38:01,-20.2333,164.0167,81.57,76,100,9.8
172,Muros,ES,2022-04-09 00:38:02,42.7762,-9.0603,49.84,94,100,4.14
173,Lata,PT,2022-04-09 00:38:02,40.1629,-8.3327,56.91,99,100,5.35
174,Marolambo,MG,2022-04-09 00:38:03,-20.05,48.1167,68.79,98,100,1.3
175,Karimganj,IN,2022-04-09 00:38:03,24.8667,92.35,74.32,79,1,2.98
176,San Quintin,MX,2022-04-09 00:38:03,30.4833,-115.95,74.8,42,100,6.24
177,Jamestown,US,2022-04-09 00:35:54,42.097,-79.2353,40.59,76,100,3.44
178,Kapaa,US,2022-04-09 00:38:04,22.0752,-159.319,79.2,76,40,18.41
179,Namibe,AO,2022-04-09 00:38:05,-15.1961,12.1522,70.05,79,3,6.78
180,Grand Gaube,MU,2022-04-09 00:39:05,-20.0064,57.6608,76.37,86,49,7.0
181,Port-Gentil,GA,2022-04-09 00:39:05,-0.7193,8.7815,81.21,85,100,11.1
182,Kapustin Yar,RU,2022-04-09 00:39:06,48.5831,45.7372,50.32,89,100,8.21
183,Hohhot,CN,2022-04-09 00:39:06,40.8106,111.6522,55.69,24,0,6.71
184,Frisco,US,2022-04-09 00:34:41,33.1507,-96.8236,66.43,25,0,3.0
185,Chirongui,YT,2022-04-09 00:39:06,-12.9319,45.1483,82.33,75,100,12.41
186,Kanye,BW,2022-04-09 00:39:07,-24.9667,25.3327,54.3,97,100,17.16
187,San Cristobal,VE,2022-04-09 00:39:07,7.7669,-72.225,73.58,90,97,1.63
188,Ahipara,NZ,2022-04-09 00:39:07,-35.1667,173.1667,71.44,49,3,5.75
189,Tuktoyaktuk,CA,2022-04-09 00:39:08,69.4541,-133.0374,14.0,79,40,8.05
190,Buchanan,LR,2022-04-09 00:39:08,5.8808,-10.0467,80.11,91,100,5.41
191,Melfi,IT,2022-04-09 00:39:08,40.9965,15.6514,44.37,94,73,9.73
192,Souillac,MU,2022-04-09 00:39:09,-20.5167,57.5167,75.58,94,75,13.8
193,Flinders,AU,2022-04-09 00:38:24,-34.5833,150.8552,69.19,90,64,5.99
194,Vila Velha,BR,2022-04-09 00:39:09,-20.3297,-40.2925,80.55,82,75,3.44
195,Joplin,US,2022-04-09 00:39:10,37.0842,-94.5133,49.71,43,20,9.22
196,Procida,IT,2022-04-09 00:39:10,40.7569,14.0144,59.41,93,100,5.99
197,Naranjal,EC,2022-04-09 00:39:10,-2.6667,-79.6167,76.46,95,100,1.88
198,Meulaboh,ID,2022-04-09 00:39:11,4.1363,96.1285,78.03,83,33,3.38
199,Kungurtug,RU,2022-04-09 00:39:11,50.5994,97.5228,32.2,78,68,7.27
200,Solnechnyy,RU,2022-04-09 00:39:12,50.7214,136.6319,30.16,80,99,4.23
201,Oriximina,BR,2022-04-09 00:39:12,-1.7656,-55.8661,75.74,94,100,4.92
202,Smithers,CA,2022-04-09 00:39:13,54.7804,-127.1743,41.32,48,75,21.85
203,Maceio,BR,2022-04-09 00:39:13,-9.6658,-35.7353,74.64,94,40,4.61
204,Matara,LK,2022-04-09 00:39:13,5.9485,80.5353,76.23,88,89,6.38
205,Mazamet,FR,2022-04-09 00:39:14,43.49,2.373,52.66,78,0,16.11
206,Provideniya,RU,2022-04-09 00:39:14,64.3833,-173.3,7.88,85,100,7.76
207,Vanimo,PG,2022-04-09 00:39:14,-2.6741,141.3028,82.27,76,100,2.01
208,Bengkulu,ID,2022-04-09 00:39:15,-3.8004,102.2655,77.14,81,73,2.73
209,Cabo San Lucas,MX,2022-04-09 00:39:15,22.8909,-109.9124,85.3,66,17,9.93
210,Ancud,CL,2022-04-09 00:39:15,-41.8697,-73.8203,49.23,78,80,3.74
211,Hofn,IS,2022-04-09 00:39:15,64.2539,-15.2082,29.79,59,99,12.1
212,Ca Mau,VN,2022-04-09 00:39:16,9.1769,105.15,81.19,77,94,2.35
213,Ribeira Grande,PT,2022-04-09 00:39:16,38.5167,-28.7,58.66,74,14,31.7
214,Oistins,BB,2022-04-09 00:39:17,13.0667,-59.5333,77.09,88,75,16.11
215,Ladario,BR,2022-04-09 00:39:01,-19.0047,-57.6017,81.07,43,18,2.24
216,Hualmay,PE,2022-04-09 00:39:17,-11.0964,-77.6139,67.77,85,75,5.26
217,Concepcion Del Oro,MX,2022-04-09 00:39:17,24.6333,-101.4167,61.12,42,100,15.77
218,Chegdomyn,RU,2022-04-09 00:39:18,51.1167,133.0167,29.7,91,100,2.01
219,Salinas,US,2022-04-09 00:39:18,36.6777,-121.6555,70.16,53,0,13.8
220,Muzhi,RU,2022-04-09 00:39:18,65.3667,64.6667,-4.36,100,100,3.83
221,Fairbanks,US,2022-04-09 00:38:11,64.8378,-147.7164,16.25,45,100,14.97
222,Teguldet,RU,2022-04-09 00:39:19,57.3064,88.1667,31.23,96,100,12.84
223,Vostok,RU,2022-04-09 00:39:19,46.4856,135.8833,40.57,83,50,3.27
224,Seoul,KR,2022-04-09 00:39:20,37.5683,126.9778,60.37,59,75,4.61
225,Hermanus,ZA,2022-04-09 00:40:20,-34.4187,19.2345,57.79,77,16,22.53
226,Garissa,KE,2022-04-09 00:40:21,-0.4536,39.6401,79.54,73,100,14.23
227,Fomboni,KM,2022-04-09 00:40:21,-12.28,43.7425,82.81,72,12,13.18
228,Murchison,NZ,2022-04-09 00:40:21,-41.8,172.3333,68.04,44,0,2.3
229,Faya,SA,2022-04-09 00:40:22,18.3851,42.4509,57.72,39,0,1.16
230,Narok,KE,2022-04-09 00:40:22,-1.0783,35.8601,56.66,90,53,4.9
231,Lompoc,US,2022-04-09 00:40:23,34.6391,-120.4579,86.77,59,8,5.01
232,Motril,ES,2022-04-09 00:40:23,36.7507,-3.5179,58.05,80,100,11.68
233,Sol-Iletsk,RU,2022-04-09 00:40:23,51.1631,54.9918,46.02,68,100,13.11
234,Wanning,CN,2022-04-09 00:40:24,18.8003,110.3967,73.22,66,32,5.68
235,Coquimbo,CL,2022-04-09 00:40:24,-29.9533,-71.3436,60.03,87,48,3.6
236,Norman Wells,CA,2022-04-09 00:40:24,65.282,-126.8329,41.04,38,75,3.44
237,Maroantsetra,MG,2022-04-09 00:40:25,-15.4333,49.7333,76.1,89,80,2.24
238,Saint-Philippe,RE,2022-04-09 00:40:25,-21.3585,55.7679,76.59,89,71,10.11
239,Ericeira,PT,2022-04-09 00:40:25,38.9627,-9.4156,61.34,94,98,11.23
240,Thompson,CA,2022-04-09 00:40:26,55.7435,-97.8558,42.96,31,20,5.75
241,Homer,US,2022-04-09 00:40:26,59.6425,-151.5483,30.09,80,100,11.99
242,Mutoko,ZW,2022-04-09 00:40:27,-17.397,32.2268,59.0,91,100,2.37
243,Bakel,SN,2022-04-09 00:40:27,14.905,-12.4568,90.68,15,11,12.55
244,Talnakh,RU,2022-04-09 00:40:27,69.4865,88.3972,-0.8,96,97,3.58
245,Along,IN,2022-04-09 00:40:28,28.1667,94.7667,66.6,83,100,0.89
246,Prince Rupert,CA,2022-04-09 00:37:29,54.3161,-130.3201,44.69,65,75,25.32
247,Porto Velho,BR,2022-04-09 00:40:06,-8.7619,-63.9039,80.65,83,20,2.3
248,Guerrero Negro,MX,2022-04-09 00:40:28,27.9769,-114.0611,73.33,43,89,13.4
249,Kijang,KR,2022-04-09 00:40:29,35.2442,129.2139,63.86,49,0,13.15
250,Cardenas,CU,2022-04-09 00:40:29,23.0375,-81.2047,74.16,68,96,14.47
251,Dingle,PH,2022-04-09 00:40:29,10.9995,122.6711,79.0,80,100,4.09
252,Imbituba,BR,2022-04-09 00:40:30,-28.24,-48.6703,70.83,92,100,7.83
253,Nouakchott,MR,2022-04-09 00:40:30,18.0858,-15.9785,70.27,60,0,15.95
254,Bulgan,MN,2022-04-09 00:40:30,48.8125,103.5347,53.29,37,99,23.78
255,Jambi,ID,2022-04-09 00:40:31,-1.6,103.6167,76.37,92,100,1.5
256,General Cepeda,MX,2022-04-09 00:40:31,25.3833,-101.45,67.06,29,99,9.46
257,Angoche,MZ,2022-04-09 00:40:31,-16.2325,39.9086,75.74,81,36,5.88
258,Hamilton,US,2022-04-09 00:36:38,39.1834,-84.5333,44.04,76,20,14.97
259,Do Gonbadan,IR,2022-04-09 00:40:32,30.3586,50.7981,66.29,34,100,0.0
260,Emilio Carranza,MX,2022-04-09 00:40:32,19.9711,-96.6114,70.57,61,100,7.54
261,Aksarka,RU,2022-04-09 00:40:32,66.5606,67.7975,-7.62,100,100,0.78
262,Karratha,AU,2022-04-09 00:40:33,-20.7377,116.8463,87.31,42,9,11.7
263,South Venice,US,2022-04-09 00:40:33,27.0531,-82.4243,69.98,58,75,16.11
264,Paramirim,BR,2022-04-09 00:40:34,-13.4425,-42.2389,69.94,47,0,3.4
265,Haapiti,PF,2022-04-09 00:40:34,-17.5667,-149.8667,87.53,71,100,16.2
266,Kysyl-Syr,RU,2022-04-09 00:40:34,63.8986,122.7617,24.03,92,97,4.45
267,Ndele,CF,2022-04-09 00:40:35,8.4109,20.6473,77.14,50,10,4.38
268,Samarai,PG,2022-04-09 00:40:35,-10.6167,150.6667,82.13,80,100,20.54
269,Lake Cowichan,CA,2022-04-09 00:40:35,48.825,-124.0546,53.73,80,85,10.18
270,Luba,GQ,2022-04-09 00:40:36,3.4568,8.5547,82.29,81,100,6.38
271,Sorland,NO,2022-04-09 00:41:36,67.667,12.6934,37.44,59,100,20.85
272,Tondano,ID,2022-04-09 00:41:36,1.3038,124.9112,78.89,65,96,1.36
273,Innisfail,AU,2022-04-09 00:41:37,-17.5333,146.0333,81.41,77,34,10.31
274,Acapulco,MX,2022-04-09 00:39:16,16.8634,-99.8901,80.42,74,75,10.36
275,Yuryev-Polskiy,RU,2022-04-09 00:41:37,56.5,39.6833,41.81,92,100,15.26
276,Dunedin,NZ,2022-04-09 00:41:37,-45.8742,170.5036,61.81,46,20,13.0
277,Netarhat,IN,2022-04-09 00:41:38,23.4833,84.2667,71.56,14,0,5.3
278,Springdale,US,2022-04-09 00:41:38,36.1867,-94.1288,51.53,43,75,14.97
279,Aksha,RU,2022-04-09 00:41:39,50.2814,113.2867,43.66,50,100,4.7
280,Bouar,CF,2022-04-09 00:41:39,5.934,15.596,66.27,88,75,3.8
281,Quatre Cocos,MU,2022-04-09 00:41:39,-20.2078,57.7625,76.08,80,58,14.63
282,Saskylakh,RU,2022-04-09 00:41:40,71.9167,114.0833,1.89,100,100,4.5
283,Mantua,IT,2022-04-09 00:41:40,45.1667,10.7833,55.06,80,54,1.99
284,Kassala,SD,2022-04-09 00:41:40,15.451,36.4,83.5,23,0,7.4
285,Oytal,KZ,2022-04-09 00:41:41,42.9057,73.2697,57.45,60,100,3.67
286,Jaegerspris,DK,2022-04-09 00:41:41,55.8554,11.9679,38.08,75,19,5.01
287,Stephenville,US,2022-04-09 00:41:41,32.2207,-98.2023,66.33,14,0,10.36
288,Sombrio,BR,2022-04-09 00:41:42,-29.1139,-49.6167,70.93,95,99,2.8
289,Lins,BR,2022-04-09 00:41:42,-21.6786,-49.7425,72.3,91,100,1.74
290,Ambon,ID,2022-04-09 00:41:42,-3.6954,128.1814,84.34,79,40,5.75
291,Lesosibirsk,RU,2022-04-09 00:41:43,58.2358,92.4828,33.67,93,100,4.09
292,Luderitz,NA,2022-04-09 00:41:43,-26.6481,15.1594,59.31,79,0,9.13
293,Dalby,AU,2022-04-09 00:41:44,-27.1833,151.2667,76.98,59,20,5.99
294,Airai,TL,2022-04-09 00:41:44,-8.9266,125.4092,72.28,49,60,2.86
295,Maniitsoq,GL,2022-04-09 00:41:44,65.4167,-52.9,14.34,86,27,12.93
296,Salalah,OM,2022-04-09 00:41:43,17.0151,54.0924,78.89,89,0,3.44
297,Severnyy-Kospashskiy,RU,2022-04-09 00:41:45,59.0925,57.8008,31.12,99,100,2.68
298,Saint George,US,2022-04-09 00:41:45,37.1041,-113.5841,85.24,8,0,3.0
299,Sitka,US,2022-04-09 00:41:45,57.0531,-135.33,42.69,56,75,10.36
300,Tezu,IN,2022-04-09 00:41:46,27.9167,96.1667,67.48,84,100,2.66
301,Prince George,CA,2022-04-09 00:39:43,53.9166,-122.753,47.64,42,40,17.27
302,Saint-Paul,RE,2022-04-09 00:41:46,-21.0096,55.2707,77.11,82,4,2.66
303,Narragansett,US,2022-04-09 00:37:07,41.4501,-71.4495,55.42,65,20,17.27
304,Staryy Nadym,RU,2022-04-09 00:41:47,65.6118,72.6842,-9.06,98,100,8.25
305,Naron,ES,2022-04-09 00:41:47,43.5167,-8.1528,53.6,93,57,4.14
306,Lucapa,AO,2022-04-09 00:41:48,-8.4192,20.7447,64.85,95,17,2.24
307,Plettenberg Bay,ZA,2022-04-09 00:41:48,-34.0527,23.3716,56.62,82,8,9.01
308,Saint-Augustin,CA,2022-04-09 00:41:48,51.226,-58.6502,31.55,95,100,10.07
309,Neiafu,TO,2022-04-09 00:41:49,-18.65,-173.9833,86.68,74,20,10.36
310,Margate,GB,2022-04-09 00:41:49,51.3813,1.3862,41.7,76,100,4.0
311,Pechenga,RU,2022-04-09 00:41:49,69.5259,31.1703,32.32,96,100,27.34
312,Ayan,RU,2022-04-09 00:41:50,56.45,138.1667,24.73,79,91,3.74
313,Ongole,IN,2022-04-09 00:41:50,15.5,80.05,79.2,87,100,4.43
314,Celestun,MX,2022-04-09 00:41:50,20.8667,-90.4,74.17,54,44,19.55
315,Sheregesh,RU,2022-04-09 00:41:51,52.9209,87.9869,29.62,84,64,9.26
316,Qaqortoq,GL,2022-04-09 00:41:51,60.7167,-46.0333,25.03,86,8,0.69
317,Serta,PT,2022-04-09 00:42:51,39.8085,-8.0988,55.94,98,100,4.63
318,Rajgarh,IN,2022-04-09 00:42:52,28.6333,75.3833,80.37,10,4,4.79
319,Flin Flon,CA,2022-04-09 00:42:52,54.7682,-101.865,35.17,82,100,13.33
320,Mani,CO,2022-04-09 00:42:52,4.8172,-72.2886,74.14,95,100,7.72
321,Carmo Do Rio Claro,BR,2022-04-09 00:42:53,-20.9719,-46.1189,68.47,90,100,0.72
322,Chuy,UY,2022-04-09 00:42:53,-33.6971,-53.4616,64.44,92,0,5.82
323,Merauke,ID,2022-04-09 00:42:53,-8.4667,140.3333,85.51,64,20,9.6
324,Cockburn Town,TC,2022-04-09 00:41:49,21.4612,-71.1419,76.96,78,40,19.57
325,Odweyne,SO,2022-04-09 00:42:54,9.4092,45.064,71.8,55,33,6.44
326,Krasnoarmeyskoye,RU,2022-04-09 00:42:54,52.7182,50.0322,43.84,80,100,10.29
327,Deputatskiy,RU,2022-04-09 00:42:55,69.3,139.9,-1.52,94,100,4.99
328,Pangkalanbuun,ID,2022-04-09 00:42:55,-2.6833,111.6167,78.94,84,92,5.06
329,Shache,CN,2022-04-09 00:42:55,38.4167,77.2406,63.36,15,70,1.3
330,Sur,OM,2022-04-09 00:42:56,22.5667,59.5289,84.85,46,76,3.96
331,Mansehra,PK,2022-04-09 00:42:56,34.3333,73.2,66.09,36,98,8.68
332,Ismailia,EG,2022-04-09 00:42:56,30.6043,32.2723,58.69,80,0,3.4
333,Oakham,GB,2022-04-09 00:42:57,52.6667,-0.7333,36.19,84,20,10.36
334,Luwuk,ID,2022-04-09 00:42:57,-0.9516,122.7875,84.54,67,100,2.86
335,Borovoy,RU,2022-04-09 00:42:57,55.4333,86.0833,31.28,86,40,13.42
336,Port Hope,US,2022-04-09 00:42:58,43.9408,-82.7127,41.61,93,100,0.0
337,Carnarvon,AU,2022-04-09 00:42:58,-24.8667,113.6333,71.67,73,16,6.91
338,Leh,IN,2022-04-09 00:42:58,34.1667,77.5833,26.46,59,0,4.59
339,Russell,US,2022-04-09 00:42:59,32.3502,-85.1999,60.08,48,100,17.27
340,Sakakah,SA,2022-04-09 00:42:59,29.9697,40.2064,78.37,26,100,11.41
341,Nouadhibou,MR,2022-04-09 00:43:00,20.931,-17.0347,64.38,77,0,20.71
342,Kamiiso,JP,2022-04-09 00:43:00,41.8167,140.65,50.38,53,75,8.05
343,Yerbogachen,RU,2022-04-09 00:43:00,61.2767,108.0108,21.29,93,100,3.06
344,San Carlos De Bariloche,AR,2022-04-09 00:41:53,-41.1456,-71.3082,53.35,71,40,3.44
345,Santa Rosa,PH,2022-04-09 00:43:01,14.3122,121.1114,87.1,68,76,9.57
346,Kloulklubed,PW,2022-04-09 00:43:01,7.0419,134.2556,81.1,80,100,19.91
347,Loandjili,CG,2022-04-09 00:43:01,-4.7561,11.8578,77.11,100,75,3.44
348,Yanam,IN,2022-04-09 00:43:02,16.7333,82.2167,77.32,89,85,2.53
349,Eyl,SO,2022-04-09 00:43:02,7.9803,49.8164,80.4,80,100,7.43
350,Zaysan,KZ,2022-04-09 00:43:03,47.4667,84.8667,43.36,57,5,5.17
351,Sabzevar,IR,2022-04-09 00:43:03,36.2126,57.6819,61.88,27,10,9.22
352,Basco,PH,2022-04-09 00:43:03,20.4487,121.9702,76.78,83,89,21.5
353,Kizukuri,JP,2022-04-09 00:43:04,40.8061,140.3861,54.01,38,0,11.88
354,Sanary-Sur-Mer,FR,2022-04-09 00:43:04,43.1178,5.8001,60.85,66,100,8.01
355,Parkersburg,US,2022-04-09 00:41:53,39.2667,-81.5615,45.45,72,75,9.22
356,Sambava,MG,2022-04-09 00:43:05,-14.2667,50.1667,75.42,90,100,8.66
357,Iwanai,JP,2022-04-09 00:43:05,42.9744,140.5089,51.22,66,51,10.13
358,Usinsk,RU,2022-04-09 00:43:05,65.9939,57.5281,-0.36,100,93,9.71
359,Katsuura,JP,2022-04-09 00:43:05,35.1333,140.3,64.36,66,30,18.23
360,Walvis Bay,NA,2022-04-09 00:43:06,-22.9575,14.5053,54.55,94,0,2.3
361,Yar-Sale,RU,2022-04-09 00:43:06,66.8333,70.8333,-8.72,97,100,7.85
362,Batagay,RU,2022-04-09 00:43:06,67.6333,134.6333,13.23,89,100,3.47
363,Gat,IL,2022-04-09 00:43:07,31.61,34.7642,59.4,100,7,2.3
364,Boyolangu,ID,2022-04-09 00:43:07,-8.1181,111.8935,80.33,78,85,5.39
365,Dire,ML,2022-04-09 00:44:07,12.2833,-10.9667,86.63,14,9,1.28
366,Ariquemes,BR,2022-04-09 00:44:08,-9.9133,-63.0408,74.46,96,42,1.21
367,Los Llanos De Aridane,ES,2022-04-09 00:44:08,28.6585,-17.9182,60.55,88,100,10.36
368,Asau,RO,2022-04-09 00:44:09,46.4333,26.4,52.95,72,100,4.99
369,Nioro,GM,2022-04-09 00:44:09,13.35,-15.75,80.56,34,47,6.31
370,Tambilil,PH,2022-04-09 00:44:09,5.9622,124.6697,83.7,76,92,10.38
371,Jalu,LY,2022-04-09 00:44:10,29.0331,21.5482,63.41,50,59,8.14
372,Kaitangata,NZ,2022-04-09 00:44:10,-46.2817,169.8464,61.47,55,22,10.22
373,Petropavlovsk-Kamchatskiy,RU,2022-04-09 00:44:11,53.0452,158.6483,37.99,65,40,4.47
374,Lagoa,PT,2022-04-09 00:44:11,39.05,-27.9833,58.15,77,100,31.36
375,Twin Falls,US,2022-04-09 00:41:54,42.3505,-114.6445,71.94,23,0,10.36
376,Barvinkove,UA,2022-04-09 00:44:12,48.9097,37.0205,45.21,83,100,10.51
377,Manokwari,ID,2022-04-09 00:44:12,-0.8667,134.0833,81.5,80,100,4.07
378,Luanda,AO,2022-04-09 00:42:30,-8.8368,13.2343,76.62,91,100,6.73
379,Mayo,US,2022-04-09 00:44:12,38.8876,-76.5119,55.81,79,0,11.99
380,Viedma,AR,2022-04-09 00:44:13,-40.8135,-62.9967,58.21,93,7,7.18
381,Vardo,NO,2022-04-09 00:44:13,70.3705,31.1107,33.67,91,100,31.41
382,Pisco,PE,2022-04-09 00:44:14,-13.7,-76.2167,68.05,83,0,14.97
383,Tokur,RU,2022-04-09 00:44:14,53.1333,132.9,24.66,85,100,1.63
384,Mandalgovi,MN,2022-04-09 00:44:14,45.7625,106.2708,54.79,28,6,14.45
385,Sinnamary,GF,2022-04-09 00:44:15,5.3833,-52.95,77.09,89,100,9.8
386,Nyurba,RU,2022-04-09 00:44:15,63.2842,118.3319,23.02,92,98,7.18
387,Atasu,KZ,2022-04-09 00:41:17,48.6814,71.6433,37.99,81,83,7.96
388,Constitucion,CL,2022-04-09 00:44:16,-35.3333,-72.4167,53.44,94,28,9.57
389,Kirakira,SB,2022-04-09 00:44:16,-10.4544,161.9205,84.85,73,61,8.59
390,Saint-Georges,GD,2022-04-09 00:42:00,12.0564,-61.7485,78.48,83,20,13.8
391,Port Hedland,AU,2022-04-09 00:44:16,-20.3167,118.5667,91.45,46,3,6.91
392,Bay Roberts,CA,2022-04-09 00:44:17,47.5999,-53.2648,32.32,85,54,4.0
393,Jiazi,CN,2022-04-09 00:44:17,22.8779,116.067,71.51,59,0,11.83
394,Rawson,AR,2022-04-09 00:44:17,-43.3002,-65.1023,58.37,87,10,18.45
395,Palu,ID,2022-04-09 00:44:18,-0.8917,119.8707,84.43,66,100,1.97
396,Basoko,CD,2022-04-09 00:44:18,1.2391,23.616,68.83,92,92,2.24
397,Portland,US,2022-04-09 00:43:17,45.5234,-122.6762,55.62,60,75,19.57
398,Santa Cruz Cabralia,BR,2022-04-09 00:44:19,-16.2781,-39.0247,79.03,83,40,3.44
399,Dombarovskiy,RU,2022-04-09 00:44:19,50.7587,59.5386,39.87,74,100,13.11
400,Charleston,US,2022-04-09 00:41:43,32.7766,-79.9309,64.02,41,0,9.22
401,Pasaco,GT,2022-04-09 00:44:20,13.9772,-90.2064,79.54,79,86,2.71
402,Gilbues,BR,2022-04-09 00:44:20,-9.8317,-45.3439,75.61,41,100,2.77
403,Boden,SE,2022-04-09 00:44:21,65.8252,21.6886,33.8,99,100,6.82
404,Haverfordwest,GB,2022-04-09 00:44:21,51.8017,-4.9691,42.55,85,9,1.01
405,Robertsport,LR,2022-04-09 00:44:21,6.7533,-11.3686,80.73,87,49,6.33
406,Mountain Home,US,2022-04-09 00:44:22,43.133,-115.6912,72.88,100,0,17.27
407,San Ramon,US,2022-04-09 00:40:47,37.7799,-121.978,84.58,51,0,10.36
408,Isangel,VU,2022-04-09 00:44:22,-19.55,169.2667,85.06,72,99,12.12
409,Tabou,CI,2022-04-09 00:44:23,4.423,-7.3528,81.0,84,100,7.36
410,Huejuquilla El Alto,MX,2022-04-09 00:44:23,22.6,-103.8667,73.33,26,88,14.41
411,Placido De Castro,BR,2022-04-09 00:45:23,-10.3353,-67.1856,74.68,97,95,0.29
412,San Juan,AR,2022-04-09 00:45:24,-31.5375,-68.5364,75.02,41,0,6.91
413,Bandarbeyla,SO,2022-04-09 00:45:24,9.4942,50.8122,79.12,83,99,4.76
414,Vilhena,BR,2022-04-09 00:45:24,-12.7406,-60.1458,70.05,95,47,0.25
415,Aracaju,BR,2022-04-09 00:45:25,-10.9111,-37.0717,82.35,78,40,9.22
416,Smestad,NO,2022-04-09 00:45:25,59.9333,10.6667,35.02,47,100,4.23
417,Iracoubo,GF,2022-04-09 00:45:26,5.4802,-53.2011,76.89,89,100,9.95
418,Greymouth,NZ,2022-04-09 00:45:26,-42.4667,171.2,64.36,63,23,8.63
419,Dwarka,IN,2022-04-09 00:45:26,22.2394,68.9678,79.72,73,0,9.01
420,Areosa,PT,2022-04-09 00:45:27,41.7178,-8.8571,52.29,89,98,4.03
421,Booue,GA,2022-04-09 00:45:27,-0.0921,11.9385,72.79,97,100,4.7
422,Tura,IN,2022-04-09 00:45:27,25.5198,90.2201,73.04,74,0,5.41
423,Sehithwa,BW,2022-04-09 00:45:28,-20.4667,22.7167,69.89,74,86,9.82
424,Baykit,RU,2022-04-09 00:45:28,61.67,96.37,20.62,89,92,1.28
425,North Platte,US,2022-04-09 00:45:29,41.1239,-100.7654,57.09,12,0,8.05
426,Boone,US,2022-04-09 00:45:29,39.0334,-92.3335,41.79,63,100,12.3
427,Changtu,CN,2022-04-09 00:45:29,42.7788,124.0955,61.38,36,0,0.89
428,Abu Kamal,SY,2022-04-09 00:45:30,34.4506,40.9171,60.98,60,0,19.82
429,Limoeiro Do Ajuru,BR,2022-04-09 00:45:30,-1.8953,-49.3806,75.61,93,100,7.58
430,Nabire,ID,2022-04-09 00:45:30,-3.3667,135.4833,77.04,92,99,2.53
431,Ahuimanu,US,2022-04-09 00:45:31,21.4447,-157.8378,80.31,72,100,18.41
432,Half Moon Bay,US,2022-04-09 00:45:31,37.4636,-122.4286,80.8,68,0,26.46
433,Nuuk,GL,2022-04-09 00:45:32,64.1835,-51.7216,25.41,80,75,9.22
434,Ayagoz,KZ,2022-04-09 00:41:18,47.9714,80.4392,38.55,79,7,7.49
435,Grindavik,IS,2022-04-09 00:45:27,63.8424,-22.4338,30.67,59,0,8.05
436,Te Anau,NZ,2022-04-09 00:45:32,-45.4167,167.7167,59.22,51,11,0.87
437,Rosetta,EG,2022-04-09 00:45:33,31.4044,30.4164,58.96,83,0,5.88
438,Dalvik,IS,2022-04-09 00:45:33,65.9702,-18.5286,24.73,88,91,6.24
439,Seydi,TM,2022-04-09 00:45:33,39.4816,62.9137,69.87,28,34,9.86
440,Mitsamiouli,KM,2022-04-09 00:45:34,-11.3847,43.2844,81.3,72,77,6.29
441,Hasaki,JP,2022-04-09 00:45:34,35.7333,140.8333,68.4,63,0,19.51
442,Outjo,NA,2022-04-09 00:45:34,-20.1167,16.15,66.76,42,0,2.98
443,Acarau,BR,2022-04-09 00:45:35,-2.8856,-40.12,77.47,88,94,9.04
444,Amalapuram,IN,2022-04-09 00:45:35,16.5833,82.0167,77.94,87,40,2.73
445,Batagay-Alyta,RU,2022-04-09 00:45:35,67.8006,130.4114,13.8,82,100,1.54
446,Grand Baie,MU,2022-04-09 00:45:36,-20.0182,57.5802,76.44,85,28,8.01
447,Emporia,US,2022-04-09 00:45:36,38.4039,-96.1817,53.8,19,0,17.27
448,Vestmannaeyjar,IS,2022-04-09 00:43:09,63.4427,-20.2734,36.36,63,100,8.5
449,Manzil Salim,TN,2022-04-09 00:45:37,35.8567,8.4765,51.13,61,0,0.29
450,Srednekolymsk,RU,2022-04-09 00:45:37,67.45,153.6833,-3.75,86,58,14.94
451,Gold Coast,AU,2022-04-09 00:44:52,-28.0,153.4333,76.77,88,100,17.27
452,Evensk,RU,2022-04-09 00:45:37,61.95,159.2333,19.22,82,100,4.94
453,Kutum,SD,2022-04-09 00:45:38,14.2,24.6667,75.49,17,0,6.24
454,Ubon Ratchathani,TH,2022-04-09 00:45:38,15.1667,105.1667,67.89,58,90,5.03
455,Hit,IQ,2022-04-09 00:45:38,33.6416,42.8251,70.56,30,100,18.5
456,Miri,MY,2022-04-09 00:46:39,4.4148,114.0089,75.34,94,40,9.22
457,Zaporizhzhya,UA,2022-04-09 00:46:39,47.8167,35.1833,44.76,81,100,4.9
458,Kantang,TH,2022-04-09 00:46:40,7.4054,99.5156,73.49,100,20,2.3
459,Voi,KE,2022-04-09 00:46:40,-3.3945,38.563,70.63,92,19,4.85
460,Radyvyliv,UA,2022-04-09 00:46:40,50.1299,25.2558,50.61,85,100,16.98
461,Kattivakkam,IN,2022-04-09 00:46:41,13.2167,80.3167,84.07,86,100,1.3
462,Trelleborg,SE,2022-04-09 00:46:41,55.3751,13.1569,36.34,73,35,23.4
463,Mount Isa,AU,2022-04-09 00:46:41,-20.7333,139.5,91.17,24,10,5.75
464,Kusti,SD,2022-04-09 00:46:42,13.1629,32.6635,90.64,30,3,4.36
465,Henties Bay,NA,2022-04-09 00:46:42,-22.116,14.2845,60.67,82,0,4.29
466,Puerto Carreno,CO,2022-04-09 00:46:42,6.189,-67.4859,85.71,58,94,7.38
467,Cache Creek,CA,2022-04-09 00:46:43,50.8101,-121.3246,42.91,70,99,7.54
468,Harrison,US,2022-04-09 00:46:43,30.4091,-89.0436,64.47,32,0,13.8
469,Esna,EG,2022-04-09 00:46:43,25.2934,32.554,78.82,20,19,15.03
470,Makambako,TZ,2022-04-09 00:46:44,-8.8453,34.823,56.21,95,28,7.14
471,Tilichiki,RU,2022-04-09 00:46:44,60.4667,166.1,24.89,95,100,7.83
472,Bellmead,US,2022-04-09 00:46:44,31.594,-97.1089,70.29,13,0,16.11
473,Bagotville,AU,2022-04-09 00:46:45,-28.9833,153.4167,73.42,82,84,11.12
474,Lorengau,PG,2022-04-09 00:46:45,-2.0226,147.2712,79.36,83,100,4.88
475,Jaora,IN,2022-04-09 00:46:46,23.6333,75.1333,80.64,22,1,7.09
476,Nome,US,2022-04-09 00:46:46,64.5011,-165.4064,16.16,79,100,11.5
477,Praia Da Vitoria,PT,2022-04-09 00:46:46,38.7333,-27.0667,62.85,82,75,24.56
478,Tautira,PF,2022-04-09 00:46:47,-17.7333,-149.15,81.36,77,100,17.56
479,Cam Ranh,VN,2022-04-09 00:46:47,11.9214,109.1591,78.76,61,0,4.61
480,Dod Ballapur,IN,2022-04-09 00:46:47,13.2919,77.5431,73.24,82,100,5.77
481,Ouro Fino,BR,2022-04-09 00:46:48,-22.2831,-46.3692,65.43,94,100,2.75
482,Awbari,LY,2022-04-09 00:46:48,26.5921,12.7805,72.25,22,24,15.88
483,Altamira,BR,2022-04-09 00:46:48,-3.2033,-52.2064,73.54,99,100,3.98
484,Vanavara,RU,2022-04-09 00:46:49,60.34,102.2797,21.78,87,56,2.73
485,Cap Malheureux,MU,2022-04-09 00:46:49,-19.9842,57.6142,76.46,85,36,8.01
486,Senneterre,CA,2022-04-09 00:43:09,48.3835,-77.2328,34.7,98,100,5.32
487,Ipixuna,BR,2022-04-09 00:46:50,-1.7625,-48.8043,73.27,98,100,3.78
488,Tutoia,BR,2022-04-09 00:46:50,-2.7619,-42.2744,77.43,90,100,9.86
489,Bonavista,CA,2022-04-09 00:46:50,48.6499,-53.1147,31.6,87,33,5.21
490,Hervey Bay,AU,2022-04-09 00:46:51,-25.2986,152.8535,77.02,84,97,5.99
491,Talbahat,IN,2022-04-09 00:46:51,25.05,78.4333,82.72,9,0,7.09
492,Teguise,ES,2022-04-09 00:46:51,29.0605,-13.564,59.22,72,20,14.97
493,Majene,ID,2022-04-09 00:46:52,-3.5403,118.9707,81.52,78,27,0.85
494,Beringovskiy,RU,2022-04-09 00:46:52,63.05,179.3167,9.46,82,100,3.24
495,Raudeberg,NO,2022-04-09 00:46:52,61.9875,5.1352,38.07,63,100,22.48
496,Ilulissat,GL,2022-04-09 00:46:53,69.2167,-51.1,14.02,79,75,5.75
497,Rampur Hat,IN,2022-04-09 00:46:53,24.1667,87.7833,76.6,84,4,10.96
498,Bonthe,SL,2022-04-09 00:47:54,7.5264,-12.505,79.81,88,94,2.89
499,High Level,CA,2022-04-09 00:45:01,58.5169,-117.136,37.51,93,100,11.5
500,San Patricio,US,2022-04-09 00:47:54,28.017,-97.5169,77.09,36,0,10.33
501,Mulki,IN,2022-04-09 00:47:54,13.1,74.8,79.88,89,40,3.44
502,Loiza,PR,2022-04-09 00:47:55,18.4313,-65.8802,78.8,73,20,8.05
503,Nishihara,JP,2022-04-09 00:47:55,26.1842,127.7558,73.06,62,20,10.36
504,Nuqui,CO,2022-04-09 00:47:55,5.7125,-77.2708,78.3,86,100,1.23
505,Mandan,US,2022-04-09 00:47:56,46.8267,-100.8896,53.58,26,0,6.91
506,Mirnyy,RU,2022-04-09 00:47:56,62.5353,113.9611,21.24,62,100,7.0
507,Andes,CO,2022-04-09 00:47:56,5.6561,-75.8788,65.89,98,100,1.99
508,Biak,ID,2022-04-09 00:47:57,-0.9131,122.8766,82.02,68,100,2.01
509,Opuwo,NA,2022-04-09 00:44:09,-18.0607,13.84,69.37,48,0,0.81
510,Banda Aceh,ID,2022-04-09 00:47:57,5.5577,95.3222,81.46,75,58,3.0
511,Baruun-Urt,MN,2022-04-09 00:47:57,46.6806,113.2792,52.3,27,98,18.92
512,Urucara,BR,2022-04-09 00:47:58,-2.5364,-57.76,75.56,97,100,1.77
513,Skjervoy,NO,2022-04-09 00:47:58,70.0311,20.9714,32.0,78,98,16.96
514,Nandurbar,IN,2022-04-09 00:47:58,21.3667,74.25,81.75,41,0,12.24
515,Douglas,US,2022-04-09 00:44:34,41.3,-96.167,51.1,27,0,13.8
516,Pringsewu,ID,2022-04-09 00:47:59,-5.3582,104.9744,79.25,74,94,5.3
517,Birjand,IR,2022-04-09 00:47:59,32.8663,59.2211,50.47,16,0,6.91
518,North Bend,US,2022-04-09 00:47:59,43.4065,-124.2243,55.24,79,40,12.66
519,Ambilobe,MG,2022-04-09 00:48:00,-13.2,49.05,73.24,95,71,2.62
520,Broome,US,2022-04-09 00:48:00,42.2506,-75.833,45.86,66,87,1.01
521,Ullapool,GB,2022-04-09 00:48:00,57.8987,-5.1604,36.36,79,100,9.4
522,Burnie,AU,2022-04-09 00:48:01,-41.0667,145.9167,66.92,89,100,12.26
523,Teeli,RU,2022-04-09 00:48:01,51.0333,90.2333,37.96,54,18,5.97
524,Mayachnyy,RU,2022-04-09 00:48:02,52.6839,55.685,34.99,87,100,8.23
525,Brae,GB,2022-04-09 00:48:02,60.3964,-1.353,39.24,55,93,26.33
526,Thinadhoo,MV,2022-04-09 00:48:02,0.5333,72.9333,83.43,64,40,9.22
527,Lasa,IT,2022-04-09 00:48:03,46.6166,10.7002,49.08,95,85,4.85
528,Tire,TR,2022-04-09 00:48:03,38.0888,27.7351,54.07,75,0,3.47
529,Sukabumi,ID,2022-04-09 00:48:04,-6.9181,106.9267,74.37,78,85,2.95
530,Iquitos,PE,2022-04-09 00:48:04,-3.7481,-73.2472,80.64,83,40,3.44
531,Huangchuan,CN,2022-04-09 00:48:04,32.1272,115.0394,73.26,46,100,12.28
532,Curup,ID,2022-04-09 00:48:05,-3.4667,102.5333,72.27,84,55,1.81
533,Hobyo,SO,2022-04-09 00:48:05,5.3505,48.5268,81.55,78,34,9.48
534,Tual,ID,2022-04-09 00:48:06,-5.6667,132.75,83.75,72,98,13.76
535,Sarh,TD,2022-04-09 00:48:06,9.1429,18.3923,83.89,36,43,5.28
536,Beloha,MG,2022-04-09 00:48:07,-25.1667,45.05,74.03,83,57,15.26
537,Port Moresby,PG,2022-04-09 00:45:24,-9.4431,147.1797,81.82,78,40,6.91
538,Robertson,US,2022-04-09 00:48:07,36.5167,-86.8667,43.39,77,100,8.05
539,Marsh Harbour,BS,2022-04-09 00:48:08,26.5412,-77.0636,72.25,67,87,13.87
540,Jiwani,PK,2022-04-09 00:48:08,25.05,61.7417,79.92,76,100,12.12
541,Pacifica,US,2022-04-09 00:46:35,37.6138,-122.4869,78.84,68,75,26.46
542,Fort Nelson,CA,2022-04-09 00:48:09,58.8053,-122.7002,44.19,31,100,9.22
543,Trairi,BR,2022-04-09 00:48:09,-3.2778,-39.2689,77.72,85,98,6.55
544,Puerto Baquerizo Moreno,EC,2022-04-09 00:48:09,-0.9,-89.6,78.6,84,54,7.4
545,Krasnovishersk,RU,2022-04-09 00:48:10,60.4078,57.082,27.45,97,100,3.22
546,Strathroy,CA,2022-04-09 00:45:03,42.9551,-81.6223,39.25,69,99,7.31
547,Northam,GB,2022-04-09 00:49:10,51.0333,-4.2167,42.39,78,13,11.56
548,Costa Rica,BR,2022-04-09 00:49:11,-23.4167,-54.65,67.8,98,100,4.79
549,Buraydah,SA,2022-04-09 00:49:11,26.326,43.975,75.65,11,100,9.55
550,Malakal,SS,2022-04-09 00:49:12,9.5334,31.6605,87.08,36,1,1.59
551,Carlagan,PH,2022-04-09 00:49:12,14.975,122.0456,80.06,83,99,11.97
552,Bukama,CD,2022-04-09 00:49:12,-9.2,25.85,67.82,94,97,2.3
553,Inhambane,MZ,2022-04-09 00:49:13,-23.865,35.3833,75.61,67,100,17.69
554,Kasempa,ZM,2022-04-09 00:49:13,-13.4584,25.8338,62.87,98,89,7.29
555,Madang,PG,2022-04-09 00:49:14,-5.2246,145.7966,76.35,94,100,2.57
556,Great Yarmouth,GB,2022-04-09 00:45:24,52.6083,1.7305,39.42,80,33,14.18
557,Martinsicuro,IT,2022-04-09 00:49:14,42.8811,13.9145,57.13,65,100,11.34
558,Verkhovazhye,RU,2022-04-09 00:49:14,60.7472,42.0465,38.75,93,100,11.05
