City_ID,City,Lat,Lng,Max Temp,Humidity,Cloudiness,Wind Speed,Country,Date,Current Description
0,Saldanha,-33.0117,17.9442,51.85,72,0,15.46,ZA,2022-04-23 06:40:10,clear sky
1,Koslan,63.4564,48.8989,34.59,99,100,3.0,RU,2022-04-23 06:40:11,light snow
2,Avarua,-21.2078,-159.775,78.85,78,75,17.27,CK,2022-04-23 06:40:11,broken clouds
3,Rikitea,-23.1203,-134.9692,74.41,77,100,4.65,PF,2022-04-23 06:40:11,moderate rain
4,Bredasdorp,-34.5322,20.0403,59.56,60,22,5.28,ZA,2022-04-23 06:37:45,few clouds
5,Mataura,-46.1927,168.8643,55.47,78,100,7.4,NZ,2022-04-23 06:40:12,overcast clouds
6,Faanui,-16.4833,-151.75,79.56,76,26,5.88,PF,2022-04-23 06:40:13,light rain
7,New Norfolk,-42.7826,147.0587,63.9,53,100,5.99,AU,2022-04-23 06:40:13,overcast clouds
8,Fairbanks,64.8378,-147.7164,46.36,34,40,5.75,US,2022-04-23 06:40:13,scattered clouds
9,Severo-Kurilsk,50.6789,156.125,37.08,99,100,14.09,RU,2022-04-23 06:40:14,moderate rain
10,Hilo,19.7297,-155.09,75.27,88,75,4.61,US,2022-04-23 06:40:14,broken clouds
11,Mahebourg,-20.4081,57.7,81.25,61,40,14.97,MU,2022-04-23 06:40:14,scattered clouds
12,Albany,42.6001,-73.9662,42.31,72,89,4.34,US,2022-04-23 06:38:58,overcast clouds
13,Cape Town,-33.9258,18.4232,59.41,69,0,11.99,ZA,2022-04-23 06:40:15,clear sky
14,Hermanus,-34.4187,19.2345,56.8,66,32,9.84,ZA,2022-04-23 06:40:16,scattered clouds
15,San Patricio,28.017,-97.5169,75.29,88,33,18.48,US,2022-04-23 06:40:16,scattered clouds
16,Ahipara,-35.1667,173.1667,62.02,73,17,13.09,NZ,2022-04-23 06:40:16,few clouds
17,Coahuayana,18.7333,-103.6833,69.21,84,3,3.29,MX,2022-04-23 06:40:17,clear sky
18,Andra,62.5147,65.8878,21.61,70,99,3.36,RU,2022-04-23 06:40:17,overcast clouds
19,Adrar,20.5022,-10.0711,67.69,24,100,9.46,MR,2022-04-23 06:40:18,overcast clouds
20,Kaitangata,-46.2817,169.8464,57.11,66,100,13.09,NZ,2022-04-23 06:40:18,light rain
21,Zyryanka,65.75,150.85,26.53,78,100,3.83,RU,2022-04-23 06:40:18,overcast clouds
22,Provideniya,64.3833,-173.3,27.01,77,14,2.8,RU,2022-04-23 06:40:19,few clouds
23,Novo Oriente,-5.5344,-40.7742,68.77,98,68,2.1,BR,2022-04-23 06:40:19,broken clouds
24,Fujin,47.26,132.0322,63.18,21,100,16.91,CN,2022-04-23 06:40:20,overcast clouds
25,Bac Lieu,9.285,105.7244,88.99,60,22,13.22,VN,2022-04-23 06:40:20,few clouds
26,Klyuchevskiy,53.5317,119.4519,41.16,22,100,6.2,RU,2022-04-23 06:40:20,overcast clouds
27,Katsuura,35.1333,140.3,70.75,70,98,11.95,JP,2022-04-23 06:40:21,overcast clouds
28,Bengkulu,-3.8004,102.2655,85.24,73,58,11.07,ID,2022-04-23 06:40:21,broken clouds
29,Busselton,-33.65,115.3333,74.75,35,0,3.31,AU,2022-04-23 06:40:22,clear sky
30,Coihaique,-45.5752,-72.0662,39.81,93,100,4.61,CL,2022-04-23 06:40:22,moderate rain
31,Barrow,71.2906,-156.7887,17.62,79,100,8.05,US,2022-04-23 06:40:22,overcast clouds
32,Portland,45.5234,-122.6762,50.09,86,31,1.32,US,2022-04-23 06:39:24,scattered clouds
33,Gasa,31.5,34.4667,68.05,68,1,7.38,PS,2022-04-23 06:40:23,clear sky
34,Ushuaia,-54.8,-68.3,42.46,75,75,2.3,AR,2022-04-23 06:40:23,broken clouds
35,Sauteurs,12.2167,-61.6333,77.59,71,99,14.05,GD,2022-04-23 06:40:24,overcast clouds
36,Atasu,48.6814,71.6433,57.02,28,79,8.41,KZ,2022-04-23 06:40:24,broken clouds
37,Punta Arenas,-53.15,-70.9167,44.71,87,75,10.36,CL,2022-04-23 06:38:01,broken clouds
38,Mar Del Plata,-38.0023,-57.5575,50.88,76,0,6.91,AR,2022-04-23 06:40:25,clear sky
39,Luderitz,-26.6481,15.1594,60.17,73,0,20.29,NA,2022-04-23 06:40:25,clear sky
40,Samarai,-10.6167,150.6667,83.73,75,85,11.21,PG,2022-04-23 06:40:26,overcast clouds
41,Cockburn Town,21.4612,-71.1419,76.46,76,100,19.51,TC,2022-04-23 06:40:26,overcast clouds
42,Tasiilaq,65.6145,-37.6368,32.16,92,100,4.0,GL,2022-04-23 06:40:26,overcast clouds
43,Hasaki,35.7333,140.8333,75.6,71,82,9.84,JP,2022-04-23 06:40:27,broken clouds
44,Ostrovnoy,68.0531,39.5131,29.05,80,97,7.0,RU,2022-04-23 06:40:27,overcast clouds
45,Yulara,-25.2406,130.9889,78.64,24,100,14.97,AU,2022-04-23 06:40:28,overcast clouds
46,Cienfuegos,22.1461,-80.4356,71.74,94,95,4.61,CU,2022-04-23 06:41:28,overcast clouds
47,Vaini,-21.2,-175.2,75.36,88,40,3.44,TO,2022-04-23 06:41:29,scattered clouds
48,Tiksi,71.6872,128.8694,12.0,88,100,8.28,RU,2022-04-23 06:41:29,overcast clouds
49,Pangkalanbuun,-2.6833,111.6167,87.53,63,100,2.77,ID,2022-04-23 06:41:29,overcast clouds
50,Carnarvon,-24.8667,113.6333,84.27,51,2,10.36,AU,2022-04-23 06:41:30,clear sky
51,Coffs Harbour,-30.3,153.1333,69.76,64,100,10.36,AU,2022-04-23 06:41:30,overcast clouds
52,Karwar,14.8,74.1333,89.89,65,2,9.75,IN,2022-04-23 06:41:31,clear sky
53,Prieska,-29.6641,22.7474,62.87,68,51,14.07,ZA,2022-04-23 06:41:31,light rain
54,Akdepe,42.0551,59.3788,69.89,35,62,11.03,TM,2022-04-23 06:41:31,broken clouds
55,Gamba,-2.65,10.0,79.02,84,100,3.36,GA,2022-04-23 06:41:32,overcast clouds
56,Salalah,17.0151,54.0924,86.09,70,40,9.22,OM,2022-04-23 06:41:32,scattered clouds
57,East London,-33.0153,27.9116,61.74,94,20,5.75,ZA,2022-04-23 06:41:33,light rain
58,Yar-Sale,66.8333,70.8333,7.97,87,94,9.6,RU,2022-04-23 06:41:33,overcast clouds
59,Chara,56.9064,118.2631,29.88,55,52,2.98,RU,2022-04-23 06:41:34,broken clouds
60,Gobabis,-22.45,18.9667,66.69,45,0,13.38,NA,2022-04-23 06:41:34,clear sky
61,Bambui,-20.0064,-45.9769,62.92,64,7,1.43,BR,2022-04-23 06:41:34,clear sky
62,Broome,42.2506,-75.833,41.38,72,0,4.61,US,2022-04-23 06:41:35,clear sky
63,Ramban,33.25,75.25,77.61,24,96,4.94,IN,2022-04-23 06:41:35,overcast clouds
64,Puerto Ayora,-0.7393,-90.3518,71.51,93,20,5.68,EC,2022-04-23 06:41:36,few clouds
65,Meulaboh,4.1363,96.1285,86.63,66,96,4.27,ID,2022-04-23 06:41:36,overcast clouds
66,Haapiti,-17.5667,-149.8667,78.53,74,61,9.48,PF,2022-04-23 06:41:36,moderate rain
67,Vardo,70.3705,31.1107,36.9,80,94,12.15,NO,2022-04-23 06:41:37,overcast clouds
68,Tuatapere,-46.1333,167.6833,54.19,84,100,9.1,NZ,2022-04-23 06:41:37,overcast clouds
69,Stoke-On-Trent,53.0042,-2.1854,49.37,88,15,11.01,GB,2022-04-23 06:41:38,few clouds
70,Port Elizabeth,-33.918,25.5701,59.29,100,100,3.44,ZA,2022-04-23 06:41:15,moderate rain
71,Buluang,13.3068,123.3425,87.39,62,58,3.62,PH,2022-04-23 06:41:38,broken clouds
72,Butaritari,3.0707,172.7902,82.18,78,41,14.5,KI,2022-04-23 06:41:39,scattered clouds
73,Ilulissat,69.2167,-51.1,24.82,86,75,2.3,GL,2022-04-23 06:41:39,broken clouds
74,Zhangye,38.9342,100.4517,69.87,9,100,12.33,CN,2022-04-23 06:41:39,overcast clouds
75,Lebu,-37.6167,-73.65,56.55,97,100,17.6,CL,2022-04-23 06:41:40,overcast clouds
76,Pangody,65.85,74.4859,11.19,87,99,11.01,RU,2022-04-23 06:41:40,overcast clouds
77,Hithadhoo,-0.6,73.0833,84.9,72,38,9.93,MV,2022-04-23 06:41:41,scattered clouds
78,Okhotsk,59.3833,143.3,30.07,81,92,3.69,RU,2022-04-23 06:41:41,overcast clouds
79,Nova Olimpia,-14.7972,-57.2881,72.46,83,100,3.91,BR,2022-04-23 06:41:41,overcast clouds
80,Hambantota,6.1241,81.1185,89.94,66,20,9.22,LK,2022-04-23 06:41:42,few clouds
81,Nhulunbuy,-12.2333,136.7667,86.61,74,40,13.8,AU,2022-04-23 06:41:42,scattered clouds
82,Vila Velha,-20.3297,-40.2925,73.35,86,0,2.3,BR,2022-04-23 06:37:08,clear sky
83,Waingapu,-9.6567,120.2641,86.32,64,60,12.12,ID,2022-04-23 06:41:43,broken clouds
84,Bluff,-46.6,168.3333,55.8,86,100,30.33,NZ,2022-04-23 06:37:46,overcast clouds
85,Olinda,-8.0089,-34.8553,76.73,94,40,6.91,BR,2022-04-23 06:41:43,scattered clouds
86,Qaqortoq,60.7167,-46.0333,35.49,97,100,3.94,GL,2022-04-23 06:41:44,light rain
87,Qaanaaq,77.484,-69.3632,-0.8,95,100,2.13,GL,2022-04-23 06:41:44,overcast clouds
88,Khatanga,71.9667,102.5,18.1,80,86,6.49,RU,2022-04-23 06:41:44,overcast clouds
89,Vikhorevka,56.1201,101.1636,27.99,71,100,13.29,RU,2022-04-23 06:41:45,overcast clouds
90,Honiara,-9.4333,159.95,80.96,84,92,2.66,SB,2022-04-23 06:41:45,light rain
91,Batagay-Alyta,67.8006,130.4114,20.89,85,100,6.46,RU,2022-04-23 06:41:46,overcast clouds
92,Hobart,-42.8794,147.3294,64.26,54,75,9.22,AU,2022-04-23 06:40:19,broken clouds
93,Cherskiy,68.75,161.3,24.22,90,94,3.96,RU,2022-04-23 06:41:46,overcast clouds
94,Luxor,25.6989,32.6421,75.25,31,0,6.91,EG,2022-04-23 06:41:47,clear sky
95,Longyearbyen,78.2186,15.6401,17.44,79,20,6.91,SJ,2022-04-23 06:42:47,few clouds
96,Isangel,-19.55,169.2667,77.41,71,47,10.45,VU,2022-04-23 06:42:47,scattered clouds
97,Venado Tuerto,-33.7456,-61.9688,52.77,52,0,6.55,AR,2022-04-23 06:42:48,clear sky
98,Arraial Do Cabo,-22.9661,-42.0278,73.9,86,0,12.57,BR,2022-04-23 06:42:48,clear sky
99,Sobolevo,54.4299,31.8996,50.25,73,100,12.08,RU,2022-04-23 06:39:05,overcast clouds
100,Kapaa,22.0752,-159.319,76.98,86,40,18.41,US,2022-04-23 06:42:39,scattered clouds
101,Torrijos,39.9819,-4.2835,48.07,87,100,21.65,ES,2022-04-23 06:42:49,overcast clouds
102,Bonavista,48.6499,-53.1147,34.29,78,100,12.86,CA,2022-04-23 06:42:49,overcast clouds
103,Port Alfred,-33.5906,26.891,59.18,97,100,1.01,ZA,2022-04-23 06:42:50,light rain
104,Pisco,-13.7,-76.2167,64.45,88,40,2.3,PE,2022-04-23 06:42:50,mist
105,Bilma,18.6853,12.9164,90.14,12,12,6.38,NE,2022-04-23 06:42:51,few clouds
106,Contamana,-7.3333,-75.0167,71.94,93,23,2.57,PE,2022-04-23 06:42:51,few clouds
107,Flinders,-34.5833,150.8552,70.18,73,43,5.99,AU,2022-04-23 06:39:07,light rain
108,Rawson,-43.3002,-65.1023,61.36,47,100,25.66,AR,2022-04-23 06:40:49,overcast clouds
109,Whitehorse,60.7161,-135.0538,38.01,59,75,8.05,CA,2022-04-23 06:42:52,broken clouds
110,Lompoc,34.6391,-120.4579,51.69,83,0,18.99,US,2022-04-23 06:42:52,clear sky
111,Atuona,-9.8,-139.0333,79.2,75,6,15.86,PF,2022-04-23 06:42:53,clear sky
112,Kant,27.8,79.8,105.33,8,0,13.67,IN,2022-04-23 06:42:53,clear sky
113,Tuktoyaktuk,69.4541,-133.0374,20.41,89,91,18.57,CA,2022-04-23 06:42:53,overcast clouds
114,Karaton,-6.3424,106.1045,85.78,70,58,4.7,ID,2022-04-23 06:42:54,broken clouds
115,Karratha,-20.7377,116.8463,94.3,22,0,7.67,AU,2022-04-23 06:38:12,clear sky
116,Leshukonskoye,64.8989,45.7622,33.8,100,100,4.83,RU,2022-04-23 06:42:55,light snow
117,Saskylakh,71.9167,114.0833,9.43,89,100,4.81,RU,2022-04-23 06:42:55,overcast clouds
118,Ternate,0.8,127.4,79.9,85,100,7.9,ID,2022-04-23 06:42:34,overcast clouds
119,Yellowknife,62.456,-114.3525,23.56,68,20,12.66,CA,2022-04-23 06:37:57,few clouds
120,Kahului,20.8947,-156.47,75.22,73,0,18.41,US,2022-04-23 06:42:56,clear sky
121,Coquimbo,-29.9533,-71.3436,55.13,100,100,4.61,CL,2022-04-23 06:42:56,mist
122,Bambous Virieux,-20.3428,57.7575,81.21,61,40,14.97,MU,2022-04-23 06:42:56,scattered clouds
123,Kruisfontein,-34.0033,24.7314,56.88,87,100,3.4,ZA,2022-04-23 06:42:57,overcast clouds
124,Aksha,50.2814,113.2867,43.95,56,100,7.52,RU,2022-04-23 06:42:57,overcast clouds
125,Te Anau,-45.4167,167.7167,52.54,89,100,8.25,NZ,2022-04-23 06:42:58,overcast clouds
126,Codrington,-38.2667,141.9667,59.61,66,0,12.91,AU,2022-04-23 06:42:58,clear sky
127,Sao Joao Da Barra,-21.6403,-41.0511,73.27,79,6,7.72,BR,2022-04-23 06:42:58,clear sky
128,Guerrero Negro,27.9769,-114.0611,58.53,73,0,20.07,MX,2022-04-23 06:42:59,clear sky
129,Talcahuano,-36.7167,-73.1167,55.08,94,100,10.36,CL,2022-04-23 06:42:59,mist
130,Nikolskoye,59.7035,30.7861,43.92,65,99,6.93,RU,2022-04-23 06:43:00,overcast clouds
131,Cidreira,-30.1811,-50.2056,65.3,88,100,13.78,BR,2022-04-23 06:43:00,light rain
132,Kasungu,-13.0333,33.4833,72.34,73,0,3.15,MW,2022-04-23 06:43:01,clear sky
133,Det Udom,14.906,105.0784,96.62,40,96,4.0,TH,2022-04-23 06:43:01,overcast clouds
134,San Ramon,37.7799,-121.978,52.65,87,0,3.44,US,2022-04-23 06:40:02,clear sky
135,Taoudenni,22.6783,-3.9836,74.97,14,100,7.56,ML,2022-04-23 06:43:02,overcast clouds
136,Kodiak,57.79,-152.4072,42.31,87,100,11.5,US,2022-04-23 06:43:02,overcast clouds
137,Ponta Do Sol,32.6667,-17.1,61.0,73,46,8.52,PT,2022-04-23 06:43:02,scattered clouds
138,Iqaluit,63.7506,-68.5145,-0.67,78,0,3.44,CA,2022-04-23 06:39:28,clear sky
139,Santa Maria,-29.6842,-53.8069,57.27,96,95,7.92,BR,2022-04-23 06:42:37,overcast clouds
140,Borba,-4.3878,-59.5939,71.4,99,78,2.01,BR,2022-04-23 06:44:03,broken clouds
141,Talnakh,69.4865,88.3972,13.73,90,64,6.73,RU,2022-04-23 06:44:04,broken clouds
142,Sorbhog,26.5,90.8667,90.21,51,11,9.84,IN,2022-04-23 06:44:04,few clouds
143,Sitka,57.0531,-135.33,48.09,61,100,12.66,US,2022-04-23 06:44:05,overcast clouds
144,Saint-Philippe,-21.3585,55.7679,81.99,74,63,16.49,RE,2022-04-23 06:44:05,broken clouds
145,Thompson,55.7435,-97.8558,28.56,74,75,3.44,CA,2022-04-23 06:44:06,broken clouds
146,Rock Sound,24.9,-76.2,75.22,75,36,22.66,BS,2022-04-23 06:44:06,scattered clouds
147,Pizhma,57.8642,47.1171,49.82,47,54,4.18,RU,2022-04-23 06:44:07,broken clouds
148,Soisy-Sous-Montmorency,48.9881,2.3016,53.29,75,0,12.66,FR,2022-04-23 06:44:07,clear sky
149,Shimanovsk,52.0,127.7,49.32,26,100,6.24,RU,2022-04-23 06:44:08,overcast clouds
150,Puerto Suarez,-18.95,-57.8,75.07,76,3,3.2,BO,2022-04-23 06:44:08,clear sky
151,Los Llanos De Aridane,28.6585,-17.9182,59.13,78,75,4.0,ES,2022-04-23 06:44:08,broken clouds
152,Ulaangom,49.9811,92.0667,46.33,39,46,8.95,MN,2022-04-23 06:44:09,scattered clouds
153,Husavik,66.0449,-17.3389,42.33,76,14,7.94,IS,2022-04-23 06:44:09,few clouds
154,Souillac,-20.5167,57.5167,79.18,61,40,14.97,MU,2022-04-23 06:44:10,scattered clouds
155,Castro,-24.7911,-50.0119,63.52,79,96,11.25,BR,2022-04-23 06:44:10,light rain
156,Plettenberg Bay,-34.0527,23.3716,61.99,75,92,4.59,ZA,2022-04-23 06:44:10,overcast clouds
157,Vanimo,-2.6741,141.3028,80.51,81,97,2.89,PG,2022-04-23 06:44:11,overcast clouds
158,Yumen,40.2833,97.2,72.57,11,99,15.55,CN,2022-04-23 06:44:11,overcast clouds
159,Saraipali,21.3333,83.0,105.71,15,16,4.0,IN,2022-04-23 06:44:12,few clouds
160,Phalombe,-15.8064,35.6507,73.69,76,68,2.84,MW,2022-04-23 06:44:12,broken clouds
161,Bethel,41.3712,-73.414,50.94,65,0,3.0,US,2022-04-23 06:44:13,clear sky
162,Port Shepstone,-30.7414,30.455,69.69,86,100,16.4,ZA,2022-04-23 06:44:13,light rain
163,Kavaratti,10.5669,72.642,85.46,69,29,5.01,IN,2022-04-23 06:44:13,scattered clouds
164,Jamestown,42.097,-79.2353,48.02,68,100,6.91,US,2022-04-23 06:39:41,overcast clouds
165,Mandalgovi,45.7625,106.2708,52.54,22,74,18.88,MN,2022-04-23 06:44:14,broken clouds
166,Puerto Escondido,15.85,-97.0667,80.01,73,7,7.07,MX,2022-04-23 06:44:14,clear sky
167,Grindavik,63.8424,-22.4338,44.55,87,100,8.05,IS,2022-04-23 06:44:15,overcast clouds
168,Bandarbeyla,9.4942,50.8122,86.7,64,19,10.42,SO,2022-04-23 06:44:15,few clouds
169,Nanortalik,60.1432,-45.2371,35.82,96,100,4.14,GL,2022-04-23 06:44:16,overcast clouds
170,Curuca,-0.7289,-47.8481,72.64,98,100,5.44,BR,2022-04-23 06:44:16,moderate rain
171,Oistins,13.0667,-59.5333,77.09,73,40,14.97,BB,2022-04-23 06:44:16,scattered clouds
172,Cap Malheureux,-19.9842,57.6142,81.46,54,0,10.0,MU,2022-04-23 06:44:17,clear sky
173,Aykhal,66.0,111.5,19.78,82,100,8.14,RU,2022-04-23 06:44:17,overcast clouds
174,Victoria,22.2855,114.1577,85.24,75,4,7.0,HK,2022-04-23 06:43:44,clear sky
175,Hamilton,39.1834,-84.5333,65.25,74,0,6.91,US,2022-04-23 06:44:18,clear sky
176,Saint George,37.1041,-113.5841,50.63,68,0,4.61,US,2022-04-23 06:44:18,clear sky
177,Luau,-10.7073,22.2247,68.16,87,100,3.6,AO,2022-04-23 06:44:19,light rain
178,Esperance,-33.8667,121.9,64.24,66,100,13.6,AU,2022-04-23 06:44:19,overcast clouds
179,Hillsborough,37.5741,-122.3794,53.38,88,40,13.8,US,2022-04-23 06:44:20,mist
180,Puerto Carreno,6.189,-67.4859,76.75,80,23,4.25,CO,2022-04-23 06:44:20,few clouds
181,Tura,25.5198,90.2201,87.28,55,20,7.0,IN,2022-04-23 06:44:20,few clouds
182,Torbay,47.6666,-52.7314,36.28,91,100,16.11,CA,2022-04-23 06:44:21,overcast clouds
183,Avera,33.194,-82.5271,58.55,81,0,5.39,US,2022-04-23 06:45:21,clear sky
184,Faya,18.3851,42.4509,73.92,34,1,9.46,SA,2022-04-23 06:45:22,clear sky
185,Opuwo,-18.0607,13.84,70.86,40,68,6.42,NA,2022-04-23 06:44:08,broken clouds
186,Glace Bay,46.1969,-59.957,40.05,95,100,10.36,CA,2022-04-23 06:45:22,overcast clouds
187,Ambatofinandrahana,-20.55,46.8,66.69,79,100,8.19,MG,2022-04-23 06:45:23,overcast clouds
188,Maldonado,-34.6667,-54.9167,59.23,85,12,6.46,UY,2022-04-23 06:45:23,few clouds
189,Aklavik,68.2191,-135.0107,23.2,88,42,16.82,CA,2022-04-23 06:42:22,scattered clouds
190,Dingle,10.9995,122.6711,88.95,57,7,12.62,PH,2022-04-23 06:45:24,clear sky
191,Opochka,56.7105,28.6617,55.0,51,23,6.04,RU,2022-04-23 06:45:24,few clouds
192,Semirom,31.4167,51.5667,59.45,15,0,4.59,IR,2022-04-23 06:45:25,clear sky
193,Alice Springs,-23.7,133.8833,74.75,31,100,13.8,AU,2022-04-23 06:41:07,overcast clouds
194,Erenhot,43.6475,111.9767,68.92,16,55,26.89,CN,2022-04-23 06:45:26,broken clouds
195,Ribeira Grande,38.5167,-28.7,55.8,94,75,21.85,PT,2022-04-23 06:45:26,light intensity shower rain
196,Ikere,7.4913,5.2322,74.66,92,100,3.11,NG,2022-04-23 06:45:26,overcast clouds
197,Chokurdakh,70.6333,147.9167,16.81,93,100,6.78,RU,2022-04-23 06:45:27,overcast clouds
198,Georgetown,5.4112,100.3354,89.55,66,20,6.91,MY,2022-04-23 06:42:58,few clouds
199,Soyo,-6.1349,12.3689,80.31,81,98,2.68,AO,2022-04-23 06:45:27,overcast clouds
200,Raudeberg,61.9875,5.1352,52.47,78,62,10.45,NO,2022-04-23 06:45:28,broken clouds
201,Beloha,-25.1667,45.05,84.49,51,100,9.26,MG,2022-04-23 06:45:28,overcast clouds
202,Denia,38.8408,0.1057,57.74,60,100,8.99,ES,2022-04-23 06:45:29,overcast clouds
203,Ganzhou,28.8184,115.4327,79.25,70,51,4.14,CN,2022-04-23 06:45:29,broken clouds
204,Kamariotissa,40.4833,25.4667,58.41,87,10,2.53,GR,2022-04-23 06:45:29,clear sky
205,Iaciara,-14.0958,-46.6317,71.11,69,80,1.88,BR,2022-04-23 06:45:30,broken clouds
206,Brae,60.3964,-1.353,46.47,83,90,17.11,GB,2022-04-23 06:45:30,overcast clouds
207,San Policarpo,12.1791,125.5072,82.62,78,100,8.86,PH,2022-04-23 06:45:31,overcast clouds
208,Mitsamiouli,-11.3847,43.2844,80.47,78,100,7.76,KM,2022-04-23 06:45:31,moderate rain
209,Calama,-22.4667,-68.9333,45.09,39,0,16.11,CL,2022-04-23 06:45:13,clear sky
210,Vostok,46.4856,135.8833,48.15,47,14,6.02,RU,2022-04-23 06:45:32,few clouds
211,Bandar-E Lengeh,26.5579,54.8807,84.31,70,9,9.22,IR,2022-04-23 06:45:32,haze
212,Paris,48.8534,2.3488,53.38,76,0,11.5,FR,2022-04-23 06:44:05,clear sky
213,Beyneu,45.3167,55.2,67.84,36,86,12.97,KZ,2022-04-23 06:45:33,overcast clouds
214,Airai,-8.9266,125.4092,72.55,59,80,2.46,TL,2022-04-23 06:45:33,broken clouds
215,Polyarnyy,69.1989,33.4478,35.31,88,100,10.45,RU,2022-04-23 06:45:33,overcast clouds
216,Bagdarin,54.4333,113.6,37.65,30,88,9.19,RU,2022-04-23 06:45:34,overcast clouds
217,Assiniboia,49.6334,-105.9845,31.82,93,100,9.22,CA,2022-04-23 06:45:34,light snow
218,Hit,33.6416,42.8251,84.79,8,86,7.16,IQ,2022-04-23 06:45:35,overcast clouds
219,Ara,25.5667,84.6667,102.09,9,0,16.35,IN,2022-04-23 06:45:35,clear sky
220,Bandar-E Anzali,37.4727,49.4622,68.11,68,0,7.34,IR,2022-04-23 06:45:35,clear sky
221,Upernavik,72.7868,-56.1549,0.73,98,100,5.1,GL,2022-04-23 06:45:36,overcast clouds
222,Rantauprapat,2.1,99.8333,82.92,75,100,1.7,ID,2022-04-23 06:45:36,overcast clouds
223,Kununurra,-15.7667,128.7333,96.78,20,100,3.44,AU,2022-04-23 06:45:37,overcast clouds
224,Ndende,-2.4008,11.3581,73.89,98,100,0.6,GA,2022-04-23 06:45:37,overcast clouds
225,Beringovskiy,63.05,179.3167,25.74,90,100,2.04,RU,2022-04-23 06:45:37,overcast clouds
226,Narsaq,60.9167,-46.05,37.62,95,100,2.04,GL,2022-04-23 06:45:38,light rain
227,Eyl,7.9803,49.8164,87.82,57,64,8.77,SO,2022-04-23 06:46:38,broken clouds
228,Khash,28.2211,61.2158,83.68,10,100,7.2,IR,2022-04-23 06:46:39,overcast clouds
229,Ambon,-3.6954,128.1814,93.34,59,40,6.91,ID,2022-04-23 06:46:39,scattered clouds
230,Narasannapeta,18.4167,84.05,98.37,42,8,13.85,IN,2022-04-23 06:46:39,clear sky
231,Cacheu,12.2706,-16.1658,69.93,81,79,1.68,GW,2022-04-23 06:46:40,broken clouds
232,Solnechnyy,50.7214,136.6319,36.18,91,100,3.65,RU,2022-04-23 06:46:40,overcast clouds
233,Marsh Harbour,26.5412,-77.0636,74.05,63,17,18.23,BS,2022-04-23 06:46:40,few clouds
234,Kem,64.9555,34.5793,31.93,85,100,10.22,RU,2022-04-23 06:46:41,overcast clouds
235,Shingu,33.7333,135.9833,71.91,59,100,5.7,JP,2022-04-23 06:46:41,overcast clouds
236,Mount Isa,-20.7333,139.5,74.97,69,100,12.66,AU,2022-04-23 06:46:42,overcast clouds
237,Umtata,-31.5889,28.7844,55.96,100,100,4.61,ZA,2022-04-23 06:46:42,heavy intensity rain
238,Namibe,-15.1961,12.1522,74.05,71,100,5.77,AO,2022-04-23 06:46:43,overcast clouds
239,Labuhan,-6.8844,112.2051,86.81,68,71,5.59,ID,2022-04-23 06:46:43,broken clouds
240,Kokkola,63.8385,23.1307,39.36,82,0,8.05,FI,2022-04-23 06:46:43,clear sky
241,Mackay,-21.15,149.2,77.68,83,75,20.71,AU,2022-04-23 06:45:13,broken clouds
242,Kloulklubed,7.0419,134.2556,84.7,72,72,7.38,PW,2022-04-23 06:46:44,broken clouds
243,Kamyaran,34.7956,46.9355,69.44,18,95,5.03,IR,2022-04-23 06:46:44,overcast clouds
244,Arvika,59.6553,12.5852,45.21,52,100,11.54,SE,2022-04-23 06:46:44,overcast clouds
245,Caravelas,-17.7125,-39.2481,72.57,90,48,4.79,BR,2022-04-23 06:46:45,scattered clouds
246,Moerai,-22.4333,-151.3333,78.13,61,100,20.42,PF,2022-04-23 06:46:45,overcast clouds
247,Vangaindrano,-23.35,47.6,74.71,93,100,5.86,MG,2022-04-23 06:46:45,moderate rain
248,Kasongo-Lunda,-6.4667,16.8167,72.45,94,98,1.12,CD,2022-04-23 06:46:46,overcast clouds
249,Pacific Grove,36.6177,-121.9166,51.66,87,96,15.01,US,2022-04-23 06:46:46,overcast clouds
250,Turukhansk,65.8167,87.9833,32.22,100,100,6.91,RU,2022-04-23 06:46:47,overcast clouds
251,Muros,42.7762,-9.0603,49.15,74,99,10.42,ES,2022-04-23 06:46:47,overcast clouds
252,Juneau,58.3019,-134.4197,45.21,89,100,18.41,US,2022-04-23 06:43:12,light rain
253,Finschhafen,-6.6024,147.8681,82.18,77,100,2.68,PG,2022-04-23 06:46:47,overcast clouds
254,Paulinia,-22.7611,-47.1542,72.54,70,4,7.02,BR,2022-04-23 06:46:48,clear sky
255,Tricase,39.9304,18.3553,62.53,77,0,9.22,IT,2022-04-23 06:46:48,clear sky
256,Sinnamary,5.3833,-52.95,74.46,92,100,1.45,GF,2022-04-23 06:46:49,overcast clouds
257,Qingyuan,23.7,113.0333,84.18,60,35,6.17,CN,2022-04-23 06:46:49,scattered clouds
258,Half Moon Bay,37.4636,-122.4286,53.78,88,75,13.8,US,2022-04-23 06:45:13,mist
259,Manavgat,36.7867,31.4431,73.44,39,5,2.71,TR,2022-04-23 06:46:50,clear sky
260,Port-Gentil,-0.7193,8.7815,76.96,94,75,5.75,GA,2022-04-23 06:46:50,thunderstorm with light rain
261,Carlsbad,33.1581,-117.3506,55.85,85,0,5.01,US,2022-04-23 06:44:01,clear sky
262,New Richmond,45.123,-92.5366,57.11,93,100,9.22,US,2022-04-23 06:46:51,mist
263,Hervey Bay,-25.2986,152.8535,70.02,87,17,10.0,AU,2022-04-23 06:46:51,light rain
264,Leningradskiy,69.3833,178.4167,18.99,94,100,2.95,RU,2022-04-23 06:46:51,overcast clouds
265,Asau,46.4333,26.4,53.96,80,58,3.47,RO,2022-04-23 06:46:52,broken clouds
266,Mattru,7.6244,-11.8332,76.82,85,100,0.43,SL,2022-04-23 06:46:52,overcast clouds
267,Bilibino,68.0546,166.4372,18.64,85,100,0.92,RU,2022-04-23 06:46:53,overcast clouds
268,Yanam,16.7333,82.2167,98.35,41,100,8.21,IN,2022-04-23 06:46:53,overcast clouds
269,Rauma,61.1272,21.5113,46.44,74,41,12.01,FI,2022-04-23 06:46:54,scattered clouds
270,Tommot,58.9564,126.2925,36.79,47,100,3.98,RU,2022-04-23 06:46:54,light rain
271,Wad Rawah,15.1603,33.1397,94.5,15,4,2.48,SD,2022-04-23 06:46:54,clear sky
272,Polyanka,50.2584,27.6881,47.5,85,100,11.45,UA,2022-04-23 06:46:55,overcast clouds
273,Ucluelet,48.9329,-125.5528,44.1,90,77,4.14,CA,2022-04-23 06:45:14,broken clouds
274,Vysokogornyy,50.1167,139.15,33.1,83,90,5.48,RU,2022-04-23 06:47:55,overcast clouds
275,Primo Tapia,32.22,-116.9172,55.83,76,24,4.23,MX,2022-04-23 06:46:10,few clouds
276,Carutapera,-1.195,-46.02,73.53,96,100,2.64,BR,2022-04-23 06:47:56,overcast clouds
277,Sao Filipe,14.8961,-24.4956,72.68,77,12,7.0,CV,2022-04-23 06:47:56,few clouds
278,Klaksvik,62.2266,-6.589,43.72,82,100,20.18,FO,2022-04-23 06:47:57,overcast clouds
279,Cabo San Lucas,22.8909,-109.9124,70.52,66,5,13.0,MX,2022-04-23 06:47:57,clear sky
280,Atocha,-20.9333,-66.2333,38.68,22,0,5.14,BO,2022-04-23 06:47:58,clear sky
281,Xam Nua,20.4197,104.0439,87.3,38,55,3.31,LA,2022-04-23 06:47:58,broken clouds
282,Arrifes,37.7667,-25.7,55.65,72,75,9.22,PT,2022-04-23 06:46:09,broken clouds
283,Camana,-16.6228,-72.7111,66.63,87,64,5.21,PE,2022-04-23 06:47:58,broken clouds
284,Lagoa,39.05,-27.9833,56.12,83,100,20.96,PT,2022-04-23 06:47:59,moderate rain
285,Prince Rupert,54.3161,-130.3201,48.29,66,100,17.27,CA,2022-04-23 06:45:13,overcast clouds
286,Dandong,40.1292,124.3947,63.52,30,0,18.25,CN,2022-04-23 06:47:59,clear sky
287,Dikson,73.5069,80.5464,8.82,88,97,4.47,RU,2022-04-23 06:48:00,overcast clouds
288,Port Hedland,-20.3167,118.5667,95.05,21,0,12.66,AU,2022-04-23 06:48:00,clear sky
289,Kulaman,6.4594,124.0892,81.1,84,86,7.74,PH,2022-04-23 06:48:01,overcast clouds
290,Red Bluff,40.1785,-122.2358,51.93,66,20,3.44,US,2022-04-23 06:48:01,few clouds
291,Hohhot,40.8106,111.6522,77.29,10,0,20.13,CN,2022-04-23 06:48:01,clear sky
292,Hovd,48.0056,91.6419,56.07,25,68,8.95,MN,2022-04-23 06:48:02,broken clouds
293,Shintomi,32.0785,131.4723,60.12,92,100,6.15,JP,2022-04-23 06:48:02,moderate rain
294,Nadym,65.5333,72.5167,13.39,82,100,11.97,RU,2022-04-23 06:43:42,overcast clouds
295,Morden,49.1919,-98.1014,35.46,93,100,5.75,CA,2022-04-23 06:48:03,overcast clouds
296,Tigil,57.8,158.6667,29.77,88,100,10.89,RU,2022-04-23 06:48:03,overcast clouds
297,Slave Lake,55.2834,-114.769,39.18,81,100,2.3,CA,2022-04-23 06:45:13,overcast clouds
298,Tigre,-34.426,-58.5796,51.8,88,0,2.3,AR,2022-04-23 06:48:04,clear sky
299,Buala,-8.145,159.5921,81.23,79,99,2.01,SB,2022-04-23 06:48:04,overcast clouds
300,Fagersta,60.0042,15.7932,45.99,63,81,13.4,SE,2022-04-23 06:48:05,broken clouds
301,Menongue,-14.6585,17.691,63.95,63,99,3.65,AO,2022-04-23 06:48:05,overcast clouds
302,Sao Raimundo Nonato,-9.0153,-42.6994,71.04,79,20,2.66,BR,2022-04-23 06:48:06,few clouds
303,Huambo,-12.7761,15.7392,59.52,71,100,2.95,AO,2022-04-23 06:48:06,overcast clouds
304,Afsin,38.2477,36.914,63.09,30,0,2.82,TR,2022-04-23 06:48:07,clear sky
305,Umm Lajj,25.0213,37.2685,82.96,60,69,9.78,SA,2022-04-23 06:48:07,broken clouds
306,Takoradi,4.8845,-1.7554,80.31,84,65,5.21,GH,2022-04-23 06:48:07,broken clouds
307,Ugoofaaru,5.6667,73.0,82.4,77,87,12.03,MV,2022-04-23 06:48:08,overcast clouds
308,Mezen,65.8522,44.24,33.31,98,97,8.77,RU,2022-04-23 06:48:08,overcast clouds
309,Las Vegas,36.175,-115.1372,61.48,41,0,5.75,US,2022-04-23 06:45:21,clear sky
310,Golden,39.7555,-105.2211,53.49,28,0,31.07,US,2022-04-23 06:48:09,clear sky
311,Kulhudhuffushi,6.6221,73.07,84.18,73,100,10.49,MV,2022-04-23 06:48:09,overcast clouds
312,Basoko,1.2391,23.616,78.94,76,100,2.13,CD,2022-04-23 06:48:10,overcast clouds
313,Myaundzha,63.0494,147.1858,24.58,70,84,1.39,RU,2022-04-23 06:48:10,broken clouds
314,Vallenar,-28.5708,-70.7581,61.57,65,0,1.92,CL,2022-04-23 06:48:10,clear sky
315,Huarmey,-10.0681,-78.1522,65.89,92,100,6.6,PE,2022-04-23 06:48:11,overcast clouds
316,Port Hardy,50.6996,-127.4199,46.4,76,20,3.44,CA,2022-04-23 06:48:11,few clouds
317,Asfi,32.2994,-9.2372,60.37,79,78,8.39,MA,2022-04-23 06:48:11,light rain
318,Yenotayevka,47.2456,47.0281,58.01,55,70,14.79,RU,2022-04-23 06:48:12,broken clouds
319,Port Macquarie,-31.4333,152.9167,65.5,74,100,7.65,AU,2022-04-23 06:49:12,overcast clouds
320,Pangai,-19.8,-174.35,78.91,73,20,4.61,TO,2022-04-23 06:49:13,few clouds
321,Cherusti,55.5498,40.0107,49.33,79,100,3.56,RU,2022-04-23 06:49:13,overcast clouds
322,Waipawa,-41.4122,175.5153,48.47,80,38,5.08,NZ,2022-04-23 06:49:14,scattered clouds
323,Tucuman,-26.8241,-65.2226,55.4,100,100,2.3,AR,2022-04-23 06:49:14,mist
324,Northampton,40.8754,-75.2499,48.42,67,100,3.78,US,2022-04-23 06:49:15,overcast clouds
325,Talaya,61.3833,152.75,23.77,81,34,3.56,RU,2022-04-23 06:49:15,scattered clouds
326,Utete,-7.986,38.758,81.37,82,8,2.33,TZ,2022-04-23 06:49:15,light rain
327,Skjervoy,70.0311,20.9714,37.4,76,100,10.11,NO,2022-04-23 06:49:16,overcast clouds
328,Mount Gambier,-37.8333,140.7667,67.91,45,0,14.97,AU,2022-04-23 06:44:20,clear sky
329,Lubao,14.9167,120.55,96.87,39,1,11.68,PH,2022-04-23 06:49:16,clear sky
330,Saint-Joseph,-21.3667,55.6167,80.98,70,32,16.62,RE,2022-04-23 06:49:17,scattered clouds
331,Ca Mau,9.1769,105.15,92.44,50,57,9.01,VN,2022-04-23 06:49:17,broken clouds
332,Severobaykalsk,55.65,109.3167,31.24,66,99,5.06,RU,2022-04-23 06:49:18,overcast clouds
333,Flin Flon,54.7682,-101.865,30.79,97,100,2.8,CA,2022-04-23 06:45:13,overcast clouds
334,Florida,28.7505,-82.5001,65.07,89,40,0.0,US,2022-04-23 06:49:18,scattered clouds
335,El Bosque,17.0667,-92.7333,54.99,92,5,2.64,MX,2022-04-23 06:49:19,clear sky
336,Harqalah,36.0303,10.509,62.46,72,0,5.75,TN,2022-04-23 06:49:19,clear sky
337,Gravdal,68.1214,13.5031,39.09,72,75,7.76,NO,2022-04-23 06:49:19,broken clouds
338,Salinopolis,-0.6136,-47.3561,75.25,91,98,6.06,BR,2022-04-23 06:49:20,light rain
339,Boende,-0.2167,20.8667,72.66,96,100,2.55,CD,2022-04-23 06:49:20,light rain
340,Laguna,38.421,-121.4238,53.94,81,0,4.61,US,2022-04-23 06:49:21,clear sky
341,Enid,36.3956,-97.8784,73.56,70,0,32.21,US,2022-04-23 06:49:21,clear sky
342,San Cristobal,7.7669,-72.225,66.45,91,95,2.73,VE,2022-04-23 06:49:22,overcast clouds
343,Champerico,14.3,-91.9167,81.86,72,17,2.59,GT,2022-04-23 06:49:22,few clouds
344,Ranfurly,-45.1333,170.1,56.1,52,99,7.14,NZ,2022-04-23 06:49:23,overcast clouds
345,Montmagny,48.9734,2.3469,53.96,74,0,12.66,FR,2022-04-23 06:49:23,clear sky
346,Kampong Thum,12.7111,104.8887,98.02,37,53,2.93,KH,2022-04-23 06:49:23,broken clouds
347,Bambanglipuro,-7.95,110.2833,85.73,71,100,8.37,ID,2022-04-23 06:49:24,overcast clouds
348,Porto Walter,-8.2686,-72.7439,70.88,96,100,2.93,BR,2022-04-23 06:49:24,overcast clouds
349,Sesheke,-17.4759,24.2968,70.93,66,52,3.98,ZM,2022-04-23 06:49:25,broken clouds
350,Akyab,20.15,92.9,88.12,67,8,16.67,MM,2022-04-23 06:49:25,clear sky
351,Adwa,14.1646,38.8955,75.6,32,7,2.53,ET,2022-04-23 06:49:26,clear sky
352,Kyshtovka,56.555,76.6271,25.39,43,100,12.77,RU,2022-04-23 06:49:26,overcast clouds
353,Mahon,39.8885,4.2658,59.56,82,20,13.8,ES,2022-04-23 06:49:26,few clouds
354,Haines Junction,60.7522,-137.5108,35.55,55,100,5.75,CA,2022-04-23 06:49:27,overcast clouds
355,Chuy,-33.6971,-53.4616,49.66,93,5,8.88,UY,2022-04-23 06:49:27,clear sky
356,Constitucion,-35.3333,-72.4167,52.83,95,6,4.32,CL,2022-04-23 06:46:29,clear sky
357,Nurota,40.5614,65.6886,78.57,29,98,9.89,UZ,2022-04-23 06:49:28,overcast clouds
358,Saint-Augustin,51.226,-58.6502,32.83,99,100,0.65,CA,2022-04-23 06:49:28,overcast clouds
359,Rio De Janeiro,-22.9028,-43.2075,73.99,83,0,2.3,BR,2022-04-23 06:45:00,clear sky
360,Muravlenko,63.7898,74.523,14.65,85,97,15.12,RU,2022-04-23 06:49:29,overcast clouds
361,Tokonou,9.65,-9.7833,76.78,68,99,4.09,GN,2022-04-23 06:50:29,overcast clouds
362,Wuwei,37.9281,102.6414,70.43,10,100,8.84,CN,2022-04-23 06:50:29,overcast clouds
363,Khandyga,62.6667,135.6,32.02,66,100,2.91,RU,2022-04-23 06:50:30,overcast clouds
364,Nchelenge,-9.3451,28.734,71.89,77,23,4.34,ZM,2022-04-23 06:50:30,few clouds
365,Kieta,-6.2167,155.6333,81.01,80,93,0.89,PG,2022-04-23 06:50:31,overcast clouds
366,Rognan,67.0953,15.3878,43.05,77,18,4.74,NO,2022-04-23 06:50:31,few clouds
367,Clyde River,70.4692,-68.5914,-12.77,77,0,4.61,CA,2022-04-23 06:50:31,clear sky
368,Tabuk,17.4189,121.4443,90.75,42,7,5.7,PH,2022-04-23 06:50:32,clear sky
369,Banyo,6.75,11.8167,76.53,62,100,1.36,CM,2022-04-23 06:50:32,overcast clouds
370,Sahbuz,39.4072,45.5739,60.4,39,6,5.1,AZ,2022-04-23 06:50:33,clear sky
371,Ruston,32.5232,-92.6379,68.59,83,40,10.36,US,2022-04-23 06:50:33,scattered clouds
372,Port Blair,11.6667,92.75,89.64,70,40,9.22,IN,2022-04-23 06:50:33,scattered clouds
373,Kafanchan,9.5833,8.3,79.81,56,63,2.93,NG,2022-04-23 06:50:34,broken clouds
374,San Andres,12.5847,-81.7006,80.62,83,75,9.22,CO,2022-04-23 06:50:34,broken clouds
375,Marica,-22.9194,-42.8186,71.55,80,2,5.26,BR,2022-04-23 06:50:35,clear sky
376,Araouane,18.9048,-3.5265,74.12,12,77,9.01,ML,2022-04-23 06:50:35,broken clouds
377,Puerto Ayacucho,5.6639,-67.6236,74.39,88,88,3.94,VE,2022-04-23 06:50:36,overcast clouds
378,Saint-Louis,16.3333,-15.0,78.44,21,0,15.86,SN,2022-04-23 06:50:36,clear sky
379,Ko Samui,9.5357,99.9357,91.31,66,20,9.22,TH,2022-04-23 06:50:36,few clouds
380,Machachi,-0.5,-78.5667,46.76,97,98,1.83,EC,2022-04-23 06:50:37,overcast clouds
381,Katangli,51.7102,143.2326,30.2,91,100,17.98,RU,2022-04-23 06:50:37,overcast clouds
382,Hobyo,5.3505,48.5268,86.85,64,100,11.03,SO,2022-04-23 06:50:37,overcast clouds
383,Byron Bay,-28.65,153.6167,71.49,64,100,12.59,AU,2022-04-23 06:47:27,overcast clouds
384,Kavieng,-2.5744,150.7967,82.89,77,93,10.58,PG,2022-04-23 06:50:38,light rain
385,Gat,31.61,34.7642,82.4,59,1,7.94,IL,2022-04-23 06:50:38,clear sky
386,Komsomolskiy,40.4272,71.7189,77.72,29,5,6.91,UZ,2022-04-23 06:50:39,clear sky
387,Severo-Yeniseyskiy,60.3725,93.0408,25.34,90,100,9.51,RU,2022-04-23 06:50:39,light snow
388,Luis Correia,-2.8792,-41.6669,76.12,90,100,9.8,BR,2022-04-23 06:50:39,moderate rain
389,Berlevag,70.8578,29.0864,35.4,98,100,14.88,NO,2022-04-23 06:50:40,overcast clouds
390,Kalianget,-7.05,113.9333,85.75,70,97,7.23,ID,2022-04-23 06:50:40,overcast clouds
391,Sunbury,-37.5833,144.7333,63.45,67,20,8.05,AU,2022-04-23 06:50:41,few clouds
392,Ouadda,8.0777,22.4007,80.98,63,80,3.96,CF,2022-04-23 06:50:41,broken clouds
393,Plomarion,38.9767,26.3681,67.96,63,9,8.23,GR,2022-04-23 06:50:42,clear sky
394,Port Huron,42.9709,-82.4249,46.06,77,100,8.05,US,2022-04-23 06:50:42,overcast clouds
395,Layton,41.0602,-111.971,44.94,76,75,5.99,US,2022-04-23 06:46:52,broken clouds
396,Shimodate,36.3,139.9833,75.18,43,99,5.46,JP,2022-04-23 06:50:43,overcast clouds
397,Bairiki,1.3292,172.9752,82.4,83,20,9.22,KI,2022-04-23 06:50:43,few clouds
398,Chapais,49.7834,-74.8492,13.78,99,76,2.37,CA,2022-04-23 06:50:44,broken clouds
399,Bam,29.106,58.357,88.93,13,69,4.94,IR,2022-04-23 06:50:44,broken clouds
400,Gudivada,16.45,80.9833,97.0,26,100,5.37,IN,2022-04-23 06:50:44,overcast clouds
401,Lata,40.1629,-8.3327,50.81,95,63,3.47,PT,2022-04-23 06:50:45,light rain
402,Minggang,32.4586,114.0486,81.72,41,0,5.35,CN,2022-04-23 06:50:45,clear sky
403,Plouzane,48.3833,-4.6167,50.32,93,100,17.27,FR,2022-04-23 06:50:46,overcast clouds
404,Hirara,24.8,125.2833,82.26,78,75,18.41,JP,2022-04-23 06:50:46,broken clouds
405,Tilichiki,60.4667,166.1,26.51,91,89,3.11,RU,2022-04-23 06:50:46,overcast clouds
406,Henties Bay,-22.116,14.2845,60.87,88,30,7.34,NA,2022-04-23 06:51:47,scattered clouds
407,Obregon,11.9566,-85.9636,78.69,75,98,5.73,NI,2022-04-23 06:51:47,overcast clouds
408,Les Cayes,18.2,-73.75,73.92,85,98,2.73,HT,2022-04-23 06:51:48,overcast clouds
409,Shaunavon,49.6501,-108.4181,33.58,96,100,10.94,CA,2022-04-23 06:51:48,overcast clouds
410,Kaeo,-35.1,173.7833,60.33,81,1,5.7,NZ,2022-04-23 06:51:48,clear sky
411,Marsaxlokk,35.8419,14.5431,61.41,82,0,6.91,MT,2022-04-23 06:51:49,clear sky
412,Baghmara,23.795,86.2085,106.47,9,4,11.63,IN,2022-04-23 06:51:49,clear sky
413,Carauari,-4.8828,-66.8958,72.46,99,100,1.9,BR,2022-04-23 06:51:50,light rain
414,Pyrzyce,53.1462,14.8926,50.27,68,0,5.7,PL,2022-04-23 06:51:50,clear sky
415,Russell,32.3502,-85.1999,67.23,100,0,0.0,US,2022-04-23 06:51:50,mist
416,Cangucu,-31.395,-52.6756,52.27,95,100,9.66,BR,2022-04-23 06:51:51,overcast clouds
417,Kihei,20.785,-156.4656,75.22,76,0,18.41,US,2022-04-23 06:48:12,clear sky
418,South Sioux City,42.4739,-96.4136,73.35,59,40,26.46,US,2022-04-23 06:47:33,scattered clouds
419,Mulchen,-37.7167,-72.2333,52.99,93,100,10.78,CL,2022-04-23 06:51:51,overcast clouds
420,Canandaigua,42.8742,-77.288,43.65,75,100,5.06,US,2022-04-23 06:49:40,overcast clouds
421,Sept-Iles,50.2001,-66.3821,28.92,46,0,19.57,CA,2022-04-23 06:50:02,clear sky
422,Geraldton,-28.7667,114.6,86.41,19,0,5.75,AU,2022-04-23 06:51:52,clear sky
423,Belaya Gora,68.5333,146.4167,22.91,83,100,4.03,RU,2022-04-23 06:51:53,overcast clouds
424,Kirakira,-10.4544,161.9205,81.01,80,44,3.29,SB,2022-04-23 06:51:53,light rain
425,Vega De Alatorre,20.0333,-96.6333,74.77,88,0,7.16,MX,2022-04-23 06:51:53,clear sky
426,Mandera,3.9366,41.867,87.01,51,100,8.41,KE,2022-04-23 06:51:54,overcast clouds
427,Lazaro Cardenas,17.9583,-102.2,74.61,80,31,2.68,MX,2022-04-23 06:51:54,scattered clouds
428,Olafsvik,64.8945,-23.7142,44.53,89,73,9.95,IS,2022-04-23 06:51:54,broken clouds
429,Lebyazhye,55.2689,66.4947,38.88,35,5,11.41,RU,2022-04-23 06:51:55,clear sky
430,New Glasgow,45.5834,-62.6486,38.98,90,27,13.35,CA,2022-04-23 06:51:55,scattered clouds
431,Norman Wells,65.282,-126.8329,23.04,50,20,8.05,CA,2022-04-23 06:51:56,few clouds
432,Chernyshevsk,52.5243,117.0174,47.91,13,100,7.63,RU,2022-04-23 06:51:56,overcast clouds
433,Acarau,-2.8856,-40.12,74.79,94,100,13.35,BR,2022-04-23 06:51:56,overcast clouds
434,Gourcy,13.2167,-2.35,88.88,12,100,9.73,BF,2022-04-23 06:51:57,overcast clouds
435,Marawi,7.9986,124.2928,76.55,85,78,4.03,PH,2022-04-23 06:51:57,light rain
436,Ojinaga,29.5667,-104.4167,77.95,29,0,3.44,MX,2022-04-23 06:51:58,clear sky
437,Sirsilla,18.3833,78.8333,102.6,20,0,5.88,IN,2022-04-23 06:51:58,clear sky
438,Stornoway,58.2093,-6.3865,44.92,91,75,16.11,GB,2022-04-23 06:51:58,broken clouds
439,Gornozavodsk,58.3758,58.3211,42.62,50,78,5.08,RU,2022-04-23 06:51:59,broken clouds
440,Vestmannaeyjar,63.4427,-20.2734,44.53,85,8,1.92,IS,2022-04-23 06:51:59,clear sky
441,Zvishavane,-20.3267,30.0665,70.43,69,72,3.87,ZW,2022-04-23 06:52:00,broken clouds
442,Zaysan,47.4667,84.8667,41.59,89,100,4.18,KZ,2022-04-23 06:52:00,light rain
443,Batemans Bay,-35.7167,150.1833,66.9,82,28,3.27,AU,2022-04-23 06:52:01,scattered clouds
444,Banda Aceh,5.5577,95.3222,86.49,69,100,9.19,ID,2022-04-23 06:52:01,overcast clouds
445,Muisne,0.6,-80.0333,76.23,83,100,5.32,EC,2022-04-23 06:52:01,overcast clouds
446,Zwedru,6.0667,-8.1281,72.66,97,100,0.34,LR,2022-04-23 06:52:02,overcast clouds
447,Padang,-0.9492,100.3543,87.85,72,54,8.14,ID,2022-04-23 06:52:02,broken clouds
448,Ulladulla,-35.35,150.4667,67.1,82,30,3.36,AU,2022-04-23 06:52:03,scattered clouds
449,Xining,36.6167,101.7667,63.0,31,100,5.19,CN,2022-04-23 06:52:03,overcast clouds
450,Vilyuysk,63.7553,121.6247,30.11,73,100,6.35,RU,2022-04-23 06:52:03,overcast clouds
451,Rio Grande,-32.035,-52.0986,59.27,87,100,19.13,BR,2022-04-23 06:51:47,overcast clouds
452,Nizwa,22.9333,57.5333,93.29,18,15,9.44,OM,2022-04-23 06:51:28,few clouds
453,Gusau,12.1628,6.6614,89.89,36,13,10.78,NG,2022-04-23 06:53:04,few clouds
454,Robat Karim,35.4846,51.0829,78.66,22,0,9.22,IR,2022-04-23 06:53:04,clear sky
455,Axim,4.8699,-2.2405,80.71,83,25,4.59,GH,2022-04-23 06:53:05,scattered clouds
456,Merauke,-8.4667,140.3333,84.79,73,100,9.24,ID,2022-04-23 06:53:05,overcast clouds
457,Namatanai,-3.6667,152.4333,82.31,77,35,7.36,PG,2022-04-23 06:53:06,light rain
458,Tual,-5.6667,132.75,84.42,68,100,1.68,ID,2022-04-23 06:53:06,overcast clouds
459,Innisfail,-17.5333,146.0333,76.1,88,94,13.82,AU,2022-04-23 06:53:06,overcast clouds
460,Derzhavinsk,51.1,66.3167,49.82,25,98,11.74,KZ,2022-04-23 06:53:07,overcast clouds
461,Luwuk,-0.9516,122.7875,83.84,81,100,1.34,ID,2022-04-23 06:53:07,overcast clouds
462,Bathsheba,13.2167,-59.5167,77.61,73,40,14.97,BB,2022-04-23 06:53:08,scattered clouds
463,San Quintin,30.4833,-115.95,57.04,80,0,16.11,MX,2022-04-23 06:53:08,clear sky
464,Acapulco,16.8634,-99.8901,78.57,72,39,3.94,MX,2022-04-23 06:52:43,scattered clouds
465,Pasni,25.2631,63.471,82.96,66,94,11.39,PK,2022-04-23 06:53:09,overcast clouds
466,Phoenixville,40.1304,-75.5149,56.59,55,0,4.61,US,2022-04-23 06:48:54,clear sky
467,Salinas,36.6777,-121.6555,53.69,78,20,6.91,US,2022-04-23 06:51:34,few clouds
468,Batagay,67.6333,134.6333,26.31,81,100,5.7,RU,2022-04-23 06:53:10,overcast clouds
469,Vila Do Maio,15.1333,-23.2167,70.59,79,30,15.12,CV,2022-04-23 06:53:10,scattered clouds
470,Mayo,38.8876,-76.5119,58.1,77,0,0.0,US,2022-04-23 06:53:11,clear sky
471,Hukuntsi,-24.0,21.75,71.8,43,0,9.1,BW,2022-04-23 06:53:11,clear sky
472,Sambava,-14.2667,50.1667,79.77,82,100,7.58,MG,2022-04-23 06:53:11,light rain
473,Xinzhou,38.4092,112.7333,84.6,11,0,19.1,CN,2022-04-23 06:53:12,clear sky
474,Deyang,31.1302,104.382,84.72,40,62,3.67,CN,2022-04-23 06:53:12,broken clouds
475,Narrabri,-30.3167,149.7833,77.09,38,100,12.66,AU,2022-04-23 06:53:13,overcast clouds
476,Muroto,33.2833,134.15,66.11,77,100,2.89,JP,2022-04-23 06:53:13,moderate rain
477,Auki,-8.7676,160.7034,80.56,81,99,2.66,SB,2022-04-23 06:53:14,overcast clouds
478,Necochea,-38.5473,-58.7368,46.62,70,23,11.63,AR,2022-04-23 06:53:14,few clouds
479,Alofi,-19.0595,-169.9187,76.89,88,6,4.61,NU,2022-04-23 06:53:14,clear sky
480,San Luis,-33.295,-66.3356,54.41,72,0,11.48,AR,2022-04-23 06:51:25,clear sky
481,Havre-Saint-Pierre,50.2334,-63.5986,35.96,64,100,16.11,CA,2022-04-23 06:53:15,overcast clouds
482,Channel-Port Aux Basques,47.5702,-59.1367,36.28,94,100,7.09,CA,2022-04-23 06:53:15,overcast clouds
483,Kholmogory,64.2229,41.656,35.22,91,100,6.96,RU,2022-04-23 06:53:16,overcast clouds
484,Gatesville,31.4352,-97.7439,71.55,75,100,16.11,US,2022-04-23 06:53:16,overcast clouds
485,San Pedro,14.35,121.0167,94.23,53,20,8.05,PH,2022-04-23 06:48:56,few clouds
486,Yatou,37.15,122.3833,62.98,39,0,12.84,CN,2022-04-23 06:53:17,clear sky
487,Qui Nhon,13.7667,109.2333,84.07,72,9,10.18,VN,2022-04-23 06:53:17,clear sky
488,Ejido,8.5514,-71.2375,67.42,91,100,1.52,VE,2022-04-23 06:53:18,overcast clouds
489,Kankan,10.3854,-9.3057,81.99,51,100,3.69,GN,2022-04-23 06:53:18,overcast clouds
490,San Carlos De Bariloche,-41.1456,-71.3082,47.95,76,100,19.57,AR,2022-04-23 06:53:19,moderate rain
491,Tautira,-17.7333,-149.15,79.43,80,98,14.92,PF,2022-04-23 06:53:19,light rain
492,Vicksburg,32.3526,-90.8779,65.93,94,40,9.22,US,2022-04-23 06:53:20,scattered clouds
493,Corumba,-19.0092,-57.6533,74.48,76,3,2.73,BR,2022-04-23 06:53:20,clear sky
494,Moron,-34.6534,-58.6198,51.55,80,2,3.87,AR,2022-04-23 06:53:20,clear sky
495,Comodoro Rivadavia,-45.8667,-67.5,53.46,71,0,21.85,AR,2022-04-23 06:53:21,clear sky
496,Maltahohe,-24.8333,16.9833,68.86,34,5,4.59,NA,2022-04-23 06:54:21,clear sky
497,Sorland,67.667,12.6934,39.74,73,99,12.62,NO,2022-04-23 06:54:22,overcast clouds
498,Ishim,56.1128,69.4902,33.15,33,93,15.32,RU,2022-04-23 06:54:22,overcast clouds
499,Okato,-39.2,173.8833,59.18,75,50,5.99,NZ,2022-04-23 06:54:22,scattered clouds
500,Satipo,-11.2522,-74.6386,72.21,88,100,1.1,PE,2022-04-23 06:54:23,overcast clouds
501,Vitim,59.4511,112.5578,38.12,60,100,2.37,RU,2022-04-23 06:54:23,light rain
502,Podor,16.6527,-14.9587,78.75,34,0,2.3,MR,2022-04-23 06:54:24,clear sky
503,Richards Bay,-28.783,32.0377,73.35,83,96,11.3,ZA,2022-04-23 06:54:24,overcast clouds
504,Mission Bend,29.6938,-95.6649,73.15,85,1,5.99,US,2022-04-23 06:54:24,clear sky
505,Chalchihuites,23.4833,-103.8833,54.73,34,2,5.82,MX,2022-04-23 06:54:25,clear sky
506,Flums,47.0906,9.343,59.14,63,100,5.66,CH,2022-04-23 06:54:25,light rain
507,Chardara,41.2547,67.9692,77.5,37,17,6.6,KZ,2022-04-23 06:54:26,few clouds
508,Thai Nguyen,21.5928,105.8442,87.58,66,76,6.8,VN,2022-04-23 06:52:00,broken clouds
509,Pevek,69.7008,170.3133,10.98,96,71,2.91,RU,2022-04-23 06:54:26,broken clouds
510,Vernon,50.2581,-119.2691,45.3,67,14,2.3,CA,2022-04-23 06:54:27,few clouds
511,Mnogovershinnyy,53.9353,139.9242,27.48,83,100,4.65,RU,2022-04-23 06:54:27,overcast clouds
512,Nipawin,53.3668,-104.0009,35.64,87,100,8.05,CA,2022-04-23 06:54:17,overcast clouds
513,Puerto Leguizamo,-0.1934,-74.7819,71.62,96,96,2.71,CO,2022-04-23 06:54:28,overcast clouds
514,Tonj,7.2737,28.6822,85.78,52,38,5.06,SS,2022-04-23 06:54:28,scattered clouds
515,Luba,3.4568,8.5547,75.09,83,100,4.27,GQ,2022-04-23 06:54:28,moderate rain
516,Madinat Sittah Uktubar,29.8167,31.05,64.0,43,5,14.34,EG,2022-04-23 06:54:29,clear sky
517,Cayenne,4.9333,-52.3333,75.09,1,100,0.0,GF,2022-04-23 06:54:29,fog
518,Nkhotakota,-12.9274,34.2961,76.69,77,32,11.81,MW,2022-04-23 06:54:30,light rain
519,Hanzhong,33.0728,107.0303,81.39,45,66,2.17,CN,2022-04-23 06:54:30,broken clouds
520,Pokhara,28.2333,83.9833,88.54,25,3,7.18,NP,2022-04-23 06:54:30,clear sky
521,Goderich,43.7501,-81.7165,46.72,76,100,6.91,CA,2022-04-23 06:54:31,overcast clouds
522,Pinawa,50.1489,-95.8811,35.37,95,100,10.65,CA,2022-04-23 06:54:31,overcast clouds
523,Vagamo,61.8751,9.0967,39.56,80,90,1.52,NO,2022-04-23 06:54:32,overcast clouds
524,Irondequoit,43.2134,-77.5797,44.85,84,100,6.02,US,2022-04-23 06:54:32,overcast clouds
525,Huilong,31.8111,121.655,61.54,95,100,9.01,CN,2022-04-23 06:54:32,light rain
526,Rehoboth,-23.3167,17.0833,67.96,38,1,4.29,NA,2022-04-23 06:54:33,clear sky
527,Kongolo,-5.3833,27.0,76.77,81,100,2.21,CD,2022-04-23 06:54:33,light rain
528,Neiafu,-18.65,-173.9833,81.28,83,40,0.0,TO,2022-04-23 06:54:33,scattered clouds
529,Kutum,14.2,24.6667,85.39,11,58,8.39,SD,2022-04-23 06:54:34,broken clouds
530,Jalu,29.0331,21.5482,80.56,12,99,8.77,LY,2022-04-23 06:54:34,overcast clouds
531,Aquiraz,-3.9014,-38.3911,77.09,94,100,7.02,BR,2022-04-23 06:54:35,heavy intensity rain
532,Hami,42.8,93.45,79.66,10,0,10.98,CN,2022-04-23 06:54:35,clear sky
533,Usinsk,65.9939,57.5281,23.32,72,7,6.62,RU,2022-04-23 06:54:36,clear sky
534,Stephenville,32.2207,-98.2023,70.18,72,75,23.02,US,2022-04-23 06:54:36,broken clouds
535,Nouakchott,18.0858,-15.9785,71.28,42,0,16.37,MR,2022-04-23 06:54:36,clear sky
536,Sur,22.5667,59.5289,95.97,29,13,7.76,OM,2022-04-23 06:54:37,few clouds
537,Singleton,-32.5667,151.1833,66.97,79,100,4.0,AU,2022-04-23 06:54:37,overcast clouds
538,Atar,20.5169,-13.0499,68.45,30,0,7.2,MR,2022-04-23 06:54:38,clear sky
539,Chimbote,-9.0853,-78.5783,64.9,92,89,5.32,PE,2022-04-23 06:54:38,overcast clouds
540,Grand Island,40.925,-98.342,71.55,71,40,39.12,US,2022-04-23 06:54:39,scattered clouds
541,Ust-Tsilma,65.441,52.1498,33.57,87,99,8.48,RU,2022-04-23 06:51:37,overcast clouds
542,Sioux Lookout,50.1001,-91.917,33.87,93,100,9.22,CA,2022-04-23 06:55:39,mist
543,Lozova,48.8894,36.3176,54.23,57,82,10.85,UA,2022-04-23 06:55:40,broken clouds
544,Savannah Bight,16.45,-85.85,78.82,78,99,6.55,HN,2022-04-23 06:55:40,overcast clouds
545,Hay River,60.8156,-115.7999,28.38,80,75,3.44,CA,2022-04-23 06:53:37,broken clouds
546,Miranda,3.2499,-76.2281,66.33,96,100,1.41,CO,2022-04-23 06:55:40,overcast clouds
547,Kultuk,51.7208,103.6956,37.22,71,100,8.57,RU,2022-04-23 06:55:41,overcast clouds
548,Jorochito,-18.05,-63.4333,71.53,91,33,5.77,BO,2022-04-23 06:55:41,scattered clouds
549,Santa Rosa,14.3122,121.1114,94.98,56,14,14.47,PH,2022-04-23 06:55:42,few clouds
550,Nalut,30.3333,10.85,65.23,19,0,9.31,LY,2022-04-23 06:55:42,clear sky
551,San Buenaventura,27.0833,-101.5333,75.92,56,6,5.86,MX,2022-04-23 06:55:42,clear sky
552,Olga,43.7444,135.2892,55.45,37,0,12.12,RU,2022-04-23 06:55:43,clear sky
553,Verkhnyachka,48.8285,30.0396,53.37,56,13,21.63,UA,2022-04-23 06:55:43,few clouds
554,Tyrma,50.0833,132.1667,47.52,68,100,8.28,RU,2022-04-23 06:55:44,overcast clouds
555,Sao Felix Do Xingu,-6.6447,-51.995,69.96,99,96,1.03,BR,2022-04-23 06:55:44,overcast clouds
556,Goundam,16.4145,-3.6708,79.03,10,84,8.99,ML,2022-04-23 06:55:44,broken clouds
557,Arlit,18.7369,7.3853,87.1,10,23,5.37,NE,2022-04-23 06:55:45,few clouds
558,Ishigaki,24.3448,124.1572,84.33,84,40,16.11,JP,2022-04-23 06:55:45,scattered clouds
559,Petatlan,17.5167,-101.2667,75.15,77,6,2.75,MX,2022-04-23 06:55:46,clear sky
560,Mahajanga,-15.7167,46.3167,83.07,65,98,9.31,MG,2022-04-23 06:55:46,overcast clouds
561,Vilhena,-12.7406,-60.1458,66.85,99,97,3.18,BR,2022-04-23 06:55:47,overcast clouds
562,Tulum,20.2167,-87.4667,71.78,90,26,5.3,MX,2022-04-23 06:55:34,scattered clouds
563,Loikaw,19.6742,97.2094,93.72,28,84,3.44,MM,2022-04-23 06:55:47,broken clouds
564,Luanda,-8.8368,13.2343,78.8,89,40,8.05,AO,2022-04-23 06:54:31,scattered clouds
565,Touros,-5.1989,-35.4608,76.21,91,90,9.22,BR,2022-04-23 06:53:14,overcast clouds
566,Bulalacao,12.3254,121.3435,85.41,66,6,18.12,PH,2022-04-23 06:55:48,clear sky
567,Muncar,-8.4333,114.3333,85.77,73,100,7.07,ID,2022-04-23 06:55:48,overcast clouds
568,Diofior,14.1833,-16.6667,73.98,34,52,8.59,SN,2022-04-23 06:55:48,broken clouds
569,Upata,8.0086,-62.3989,67.64,96,99,2.55,VE,2022-04-23 06:55:49,overcast clouds
570,Uto,32.6833,130.6667,66.6,96,100,4.18,JP,2022-04-23 06:55:49,moderate rain
571,Bushehr,28.9684,50.8385,78.89,47,0,9.22,IR,2022-04-23 06:55:50,clear sky
572,Neyshabur,36.2133,58.7958,68.5,37,100,10.76,IR,2022-04-23 06:55:50,overcast clouds
573,Gimbi,9.1667,35.8333,67.21,66,100,0.98,ET,2022-04-23 06:55:50,light rain
574,Sokolovyy,51.5686,45.8331,53.56,40,58,10.27,RU,2022-04-23 06:55:51,broken clouds
575,Jibuti,11.5,42.5,85.14,50,4,16.96,DJ,2022-04-23 06:55:51,clear sky
576,Maridi,4.9158,29.4742,82.0,62,100,2.68,SS,2022-04-23 06:55:52,overcast clouds
577,Bud,39.447,-86.1758,66.16,92,1,7.18,US,2022-04-23 06:55:52,clear sky
578,Port-De-Bouc,43.4,4.9833,60.82,82,100,21.85,FR,2022-04-23 06:55:52,overcast clouds
579,Yurino,56.2942,46.3039,49.57,51,50,4.34,RU,2022-04-23 06:55:53,scattered clouds
580,Indianapolis,39.7684,-86.158,64.8,87,0,6.91,US,2022-04-23 06:53:32,clear sky
581,Tazovskiy,67.4667,78.7,10.69,89,93,9.89,RU,2022-04-23 06:55:53,overcast clouds
582,Moba,33.2288,105.0179,69.84,42,100,8.43,CN,2022-04-23 06:55:54,overcast clouds
583,Urucui,-7.2294,-44.5561,72.88,88,67,2.08,BR,2022-04-23 06:52:24,broken clouds
584,Gambela,8.25,34.5833,82.63,53,100,4.56,ET,2022-04-23 06:55:54,overcast clouds
585,La Ronge,55.1001,-105.2842,34.05,69,0,5.75,CA,2022-04-23 06:55:55,clear sky
586,Stockach,47.85,9.0167,50.79,88,100,7.43,DE,2022-04-23 06:55:55,overcast clouds
587,Khasan,42.4308,130.6434,52.09,54,0,23.35,RU,2022-04-23 06:55:56,clear sky
588,Naze,28.3667,129.4833,74.32,84,100,11.65,JP,2022-04-23 06:55:56,light rain
589,Show Low,34.2542,-110.0298,39.07,45,0,8.05,US,2022-04-23 06:52:15,clear sky
590,Tikrit,34.6071,43.6782,83.82,11,63,5.53,IQ,2022-04-23 06:55:56,broken clouds
591,Marakkanam,12.2,79.95,95.34,60,86,11.36,IN,2022-04-23 06:55:57,overcast clouds
592,Puerto Baquerizo Moreno,-0.9,-89.6,70.93,91,0,7.9,EC,2022-04-23 06:52:40,clear sky
593,Pueblo Nuevo,23.3833,-105.3833,52.03,63,0,4.5,MX,2022-04-23 06:56:58,clear sky
594,Broken Hill,-31.95,141.4333,73.11,49,87,12.66,AU,2022-04-23 06:56:58,overcast clouds
595,Atherton,53.5237,-2.4935,51.58,77,7,4.0,GB,2022-04-23 06:56:58,clear sky
596,Burnie,-41.0667,145.9167,56.95,62,0,6.64,AU,2022-04-23 06:56:59,clear sky
597,Pangnirtung,66.1451,-65.7125,0.23,78,9,6.69,CA,2022-04-23 06:56:59,clear sky
598,Denton,33.2001,-97.1336,71.94,74,28,10.0,US,2022-04-23 06:57:00,scattered clouds
599,Monywa,22.1167,95.1333,103.41,23,7,3.24,MM,2022-04-23 06:57:00,clear sky
600,Meadow Lake,34.8014,-106.5436,51.48,33,20,16.73,US,2022-04-23 06:57:01,few clouds
601,Obuasi,6.206,-1.6619,74.89,91,37,1.19,GH,2022-04-23 06:57:01,scattered clouds
602,Shaping,22.7545,112.9565,93.94,56,57,9.75,CN,2022-04-23 06:57:01,broken clouds
603,Ola,59.5833,151.2833,32.31,75,99,3.06,RU,2022-04-23 06:57:02,overcast clouds
604,Rapid Valley,44.0625,-103.1463,44.15,87,100,28.77,US,2022-04-23 06:57:02,overcast clouds
605,Chicama,-7.8447,-79.1469,59.54,88,64,4.56,PE,2022-04-23 06:57:03,broken clouds
606,Le Port,-20.9373,55.2919,82.4,60,73,6.85,RE,2022-04-23 06:57:03,broken clouds
607,Arapi,40.7772,43.8071,54.1,37,20,1.14,AM,2022-04-23 06:57:03,few clouds
608,Biak,-0.9131,122.8766,82.17,77,100,1.77,ID,2022-04-23 06:57:04,overcast clouds
609,Svecha,58.2785,47.5164,48.96,48,8,6.22,RU,2022-04-23 06:57:04,clear sky
610,Chuguyevka,44.1653,133.8633,60.69,22,0,5.66,RU,2022-04-23 06:57:05,clear sky
611,Lavrentiya,65.5833,-171.0,17.91,88,11,6.35,RU,2022-04-23 06:57:05,few clouds
612,Kalmunai,7.4167,81.8167,87.26,66,87,8.79,LK,2022-04-23 06:57:05,overcast clouds
613,Subaan,13.0765,121.3647,86.88,59,50,5.06,PH,2022-04-23 06:57:06,scattered clouds
614,Marang,5.2056,103.2059,89.51,70,100,7.58,MY,2022-04-23 06:57:06,overcast clouds
615,Cortez,37.3489,-108.5859,36.03,91,99,13.13,US,2022-04-23 06:57:07,overcast clouds
616,Kitakami,39.2833,141.1167,61.14,36,75,8.05,JP,2022-04-23 06:57:07,broken clouds
617,Wajima,37.4,136.9,63.28,59,75,6.91,JP,2022-04-23 06:57:07,broken clouds
618,Sefophe,-22.1833,27.9667,71.53,61,3,6.11,BW,2022-04-23 06:57:08,clear sky
619,Almaty,43.25,76.95,73.31,31,75,4.47,KZ,2022-04-23 06:55:53,broken clouds
620,Riohacha,11.5444,-72.9072,76.37,83,100,1.66,CO,2022-04-23 06:57:09,overcast clouds
621,Walhain,50.6167,4.7,52.29,87,75,14.97,BE,2022-04-23 06:57:09,broken clouds
622,Seddon,-37.8068,144.8916,67.3,73,20,10.36,AU,2022-04-23 06:57:09,few clouds
623,Oyama,36.3,139.8,84.58,37,87,6.8,JP,2022-04-23 06:57:10,overcast clouds
624,Zhigansk,66.7697,123.3711,24.22,78,100,7.63,RU,2022-04-23 06:57:10,overcast clouds
625,Inongo,-1.95,18.2667,73.27,94,100,4.27,CD,2022-04-23 06:57:10,overcast clouds
626,Srednekolymsk,67.45,153.6833,24.85,79,100,5.35,RU,2022-04-23 06:57:11,overcast clouds
627,Formosa Do Rio Preto,-11.0483,-45.1931,69.12,74,40,1.92,BR,2022-04-23 06:54:12,scattered clouds
628,Guiratinga,-16.3494,-53.7583,68.16,75,15,3.76,BR,2022-04-23 06:57:11,few clouds
629,Karangasem,-8.45,115.6167,84.36,72,100,3.13,ID,2022-04-23 06:57:12,overcast clouds
630,Ngunguru,-35.6167,174.5,59.41,77,0,9.17,NZ,2022-04-23 06:57:12,clear sky
631,Tahta,26.7693,31.5021,74.05,24,0,11.34,EG,2022-04-23 06:57:13,clear sky
632,Pascagoula,30.3658,-88.5561,62.73,98,0,7.58,US,2022-04-23 06:57:13,clear sky
633,Baherden,38.4362,57.4316,71.42,53,90,4.03,TM,2022-04-23 06:57:14,overcast clouds
634,Damghan,36.1683,54.348,72.66,25,0,3.91,IR,2022-04-23 06:57:14,clear sky
635,Inirida,3.8653,-67.9239,71.82,95,19,2.46,CO,2022-04-23 06:57:14,few clouds
636,Dalbandin,28.8947,64.4101,94.28,10,5,10.96,PK,2022-04-23 06:57:15,clear sky
637,Boca Do Acre,-8.7522,-67.3978,71.37,99,57,2.53,BR,2022-04-23 06:57:15,broken clouds
638,Finnsnes,69.2296,17.9811,38.01,68,96,3.42,NO,2022-04-23 06:57:16,overcast clouds
639,General Pico,-35.6566,-63.7568,51.21,58,2,9.62,AR,2022-04-23 06:58:16,light rain
640,Sisimiut,66.9395,-53.6735,26.08,92,100,5.73,GL,2022-04-23 06:58:17,overcast clouds
641,High Rock,26.6208,-78.2833,66.22,64,52,18.77,BS,2022-04-23 06:58:17,broken clouds
642,Alta Floresta,-9.8756,-56.0861,69.06,98,78,2.51,BR,2022-04-23 06:58:17,broken clouds
643,Mormugao,15.4,73.8,88.5,67,0,10.4,IN,2022-04-23 06:58:18,clear sky
644,Yerbogachen,61.2767,108.0108,31.62,55,100,6.15,RU,2022-04-23 06:58:18,overcast clouds
645,Vila Franca Do Campo,37.7167,-25.4333,57.61,78,100,7.36,PT,2022-04-23 06:58:19,overcast clouds
646,Lieksa,63.3167,30.0167,37.51,81,100,7.25,FI,2022-04-23 06:58:19,overcast clouds
647,Sechura,-5.5569,-80.8222,68.05,83,65,10.54,PE,2022-04-23 06:58:20,broken clouds
648,Juegang,32.3174,121.1855,66.36,88,100,9.6,CN,2022-04-23 06:58:20,light rain
649,Kiruna,67.8557,20.2251,31.12,80,100,5.75,SE,2022-04-23 06:58:20,overcast clouds
650,Khani,41.9563,42.9566,56.77,40,7,3.67,GE,2022-04-23 06:58:21,clear sky
651,Lafayette,30.2335,-92.0668,68.92,85,0,1.99,US,2022-04-23 06:54:19,clear sky
652,Iquitos,-3.7481,-73.2472,73.44,94,20,1.14,PE,2022-04-23 06:54:54,few clouds
653,Columbus,39.9612,-82.9988,60.35,60,0,3.44,US,2022-04-23 06:57:26,clear sky
654,Laramie,41.3114,-105.5911,39.52,57,100,8.01,US,2022-04-23 06:58:22,overcast clouds
655,Shache,38.4167,77.2406,79.27,16,97,4.21,CN,2022-04-23 06:58:22,overcast clouds
656,Pandamatenga,-18.5278,25.627,69.37,71,55,6.44,BW,2022-04-23 06:58:22,light rain
657,Poum,-20.2333,164.0167,78.89,69,51,9.31,NC,2022-04-23 06:59:38,broken clouds
658,Muzaffargarh,30.0754,71.1921,91.42,14,3,3.13,PK,2022-04-23 06:59:38,clear sky
659,Lasa,46.6166,10.7002,47.7,96,100,5.21,IT,2022-04-23 06:59:39,overcast clouds
660,La Asuncion,11.0333,-63.8628,76.73,88,8,11.5,VE,2022-04-23 06:59:39,clear sky
661,Madang,-5.2246,145.7966,80.08,80,100,0.85,PG,2022-04-23 06:59:40,overcast clouds
662,Dehloran,32.6941,47.2679,87.51,6,94,7.11,IR,2022-04-23 06:59:40,overcast clouds
663,Rocha,-34.4833,-54.3333,50.58,87,62,6.49,UY,2022-04-23 06:59:41,broken clouds
664,Dukat,62.55,155.55,19.11,86,100,1.92,RU,2022-04-23 06:59:41,overcast clouds
665,Cururupu,-1.8283,-44.8683,73.6,98,100,1.32,BR,2022-04-23 06:59:41,moderate rain
666,Niquero,20.0431,-77.5828,73.44,86,55,15.52,CU,2022-04-23 06:59:42,broken clouds
667,Umea,63.8284,20.2597,42.73,65,100,8.05,SE,2022-04-23 06:59:42,overcast clouds
668,Okha,53.5739,142.9478,30.09,81,100,13.24,RU,2022-04-23 06:59:43,overcast clouds
669,Guangyuan,32.442,105.823,82.13,46,100,7.43,CN,2022-04-23 06:59:43,overcast clouds
670,Talara,-4.5772,-81.2719,69.82,82,5,11.86,PE,2022-04-23 06:59:44,clear sky
671,Pa Sang,18.5262,98.9394,100.78,7,25,1.01,TH,2022-04-23 06:59:44,scattered clouds
672,Fortuna,40.5982,-124.1573,47.93,94,100,3.44,US,2022-04-23 06:59:45,overcast clouds
673,Anahuac,27.2333,-100.15,73.98,78,72,28.34,MX,2022-04-23 06:59:45,broken clouds
674,Dhidhdhoo,6.8833,73.1,84.25,72,79,9.06,MV,2022-04-23 06:59:45,broken clouds
675,Chabahar,25.2919,60.643,84.47,64,100,12.39,IR,2022-04-23 06:59:46,overcast clouds
676,Fort Portal,0.6617,30.2748,68.22,75,100,0.87,UG,2022-04-23 06:59:46,overcast clouds
677,Novyy Urengoy,66.0833,76.6333,11.3,88,87,11.72,RU,2022-04-23 06:59:47,overcast clouds
678,Belmonte,-15.8631,-38.8828,75.49,88,93,3.44,BR,2022-04-23 06:59:47,overcast clouds
679,Aksay,47.26,39.87,55.62,56,88,3.0,RU,2022-04-23 06:59:47,overcast clouds
680,Panaba,21.2833,-88.2667,70.27,93,0,5.73,MX,2022-04-23 06:59:48,clear sky
681,San Jose,37.3394,-121.895,52.72,79,0,1.01,US,2022-04-23 06:57:35,clear sky
682,Filingue,14.3521,3.3168,89.08,11,74,8.95,NE,2022-04-23 06:59:48,broken clouds
683,Roma,43.2128,-75.4557,37.72,88,0,1.99,US,2022-04-23 07:00:52,clear sky
684,Itarema,-2.9248,-39.9167,74.19,96,100,11.01,BR,2022-04-23 07:00:54,heavy intensity rain
685,Nanning,22.8167,108.3167,86.43,62,70,7.7,CN,2022-04-23 07:00:55,broken clouds
